Country,Area,Sex,Literacy,Decade,GDP_Per_Capita,Life_Expectancy,Value,total_pop,pop_perc
Bahrain,Total,Both Sexes,Illiterate,2000,48245.775482163,75.908,31569,257461,12.261662931473117
Bahrain,Total,Both Sexes,Literate,2000,48245.775482163,75.908,225892,257461,87.73833706852689
Bahrain,Total,Both Sexes,Total,2000,48245.775482163,75.908,257461,257461,100.0
Bahrain,Total,Both Sexes,Illiterate,2010,44599.804972084,78.748,53712,986968,5.442121730390448
Bahrain,Total,Both Sexes,Literate,2010,44599.804972084,78.748,933059,986968,94.53791814932197
Bahrain,Total,Both Sexes,Total,2010,44599.804972084,78.748,986968,986968,100.0
Bahrain,Total,Both Sexes,Unknown,2010,44599.804972084,78.748,197,986968,0.019960120287587844
Bahrain,Total,Female,Illiterate,2000,48245.775482163,75.908,21885,128490,17.032453887462058
Bahrain,Total,Female,Literate,2000,48245.775482163,75.908,106605,128490,82.96754611253795
Bahrain,Total,Female,Total,2000,48245.775482163,75.908,128490,128490,100.0
Bahrain,Total,Female,Illiterate,2010,44599.804972084,78.748,28945,345247,8.38385271993674
Bahrain,Total,Female,Literate,2010,44599.804972084,78.748,316155,345247,91.57356906794266
Bahrain,Total,Female,Total,2010,44599.804972084,78.748,345247,345247,100.0
Bahrain,Total,Female,Unknown,2010,44599.804972084,78.748,147,345247,0.04257821212059772
Bahrain,Total,Male,Illiterate,2000,48245.775482163,75.908,9684,128971,7.508664738584643
Bahrain,Total,Male,Literate,2000,48245.775482163,75.908,119287,128971,92.49133526141536
Bahrain,Total,Male,Total,2000,48245.775482163,75.908,128971,128971,100.0
Bahrain,Total,Male,Illiterate,2010,44599.804972084,78.748,24767,641721,3.8594654063058558
Bahrain,Total,Male,Literate,2010,44599.804972084,78.748,616904,641721,96.1327430456538
Bahrain,Total,Male,Total,2010,44599.804972084,78.748,641721,641721,100.0
Bahrain,Total,Male,Unknown,2010,44599.804972084,78.748,50,641721,0.007791548040347753
Bangladesh,Rural,Both Sexes,Illiterate,2000,2365.78507355487,66.135,32635416,56493307,57.768641513586736
Bangladesh,Rural,Both Sexes,Literate,2000,2365.78507355487,66.135,23857891,56493307,42.231358486413264
Bangladesh,Rural,Both Sexes,Total,2000,2365.78507355487,66.135,56493307,56493307,100.0
Bangladesh,Rural,Female,Illiterate,2000,2365.78507355487,66.135,18016860,28368977,63.50902254952655
Bangladesh,Rural,Female,Literate,2000,2365.78507355487,66.135,10352117,28368977,36.49097745047345
Bangladesh,Rural,Female,Total,2000,2365.78507355487,66.135,28368977,28368977,100.0
Bangladesh,Rural,Male,Illiterate,2000,2365.78507355487,66.135,14618556,28124330,51.97832623923841
Bangladesh,Rural,Male,Literate,2000,2365.78507355487,66.135,13505774,28124330,48.02167376076159
Bangladesh,Rural,Male,Total,2000,2365.78507355487,66.135,28124330,28124330,100.0
Bangladesh,Total,Both Sexes,Illiterate,2000,2365.78507355487,66.135,39523882,75784991,52.15265117600924
Bangladesh,Total,Both Sexes,Literate,2000,2365.78507355487,66.135,36261109,75784991,47.84734882399076
Bangladesh,Total,Both Sexes,Total,2000,2365.78507355487,66.135,75784991,75784991,100.0
Bangladesh,Total,Female,Illiterate,2000,2365.78507355487,66.135,21762153,37159124,58.56476325975822
Bangladesh,Total,Female,Literate,2000,2365.78507355487,66.135,15396971,37159124,41.43523674024178
Bangladesh,Total,Female,Total,2000,2365.78507355487,66.135,37159124,37159124,100.0
Bangladesh,Total,Male,Illiterate,2000,2365.78507355487,66.135,17761729,38625867,45.98402671453304
Bangladesh,Total,Male,Literate,2000,2365.78507355487,66.135,20864138,38625867,54.01597328546696
Bangladesh,Total,Male,Total,2000,2365.78507355487,66.135,38625867,38625867,100.0
Bangladesh,Urban,Both Sexes,Illiterate,2000,2365.78507355487,66.135,6888466,19291684,35.706919105662315
Bangladesh,Urban,Both Sexes,Literate,2000,2365.78507355487,66.135,12403218,19291684,64.29308089433768
Bangladesh,Urban,Both Sexes,Total,2000,2365.78507355487,66.135,19291684,19291684,100.0
Bangladesh,Urban,Female,Illiterate,2000,2365.78507355487,66.135,3745293,8790147,42.6078539983461
Bangladesh,Urban,Female,Literate,2000,2365.78507355487,66.135,5044854,8790147,57.3921460016539
Bangladesh,Urban,Female,Total,2000,2365.78507355487,66.135,8790147,8790147,100.0
Bangladesh,Urban,Male,Illiterate,2000,2365.78507355487,66.135,3143173,10501537,29.930599682694066
Bangladesh,Urban,Male,Literate,2000,2365.78507355487,66.135,7358364,10501537,70.06940031730593
Bangladesh,Urban,Male,Total,2000,2365.78507355487,66.135,10501537,10501537,100.0
Bhutan,Rural,Both Sexes,Illiterate,2000,5456.70774972036,65.805,162002,289701,55.92041449632552
Bhutan,Rural,Both Sexes,Literate,2000,5456.70774972036,65.805,127699,289701,44.07958550367448
Bhutan,Rural,Both Sexes,Total,2000,5456.70774972036,65.805,289701,289701,100.0
Bhutan,Rural,Both Sexes,Unknown,2000,5456.70774972036,65.805,0,289701,0.0
Bhutan,Rural,Female,Illiterate,2000,5456.70774972036,65.805,97146,137227,70.79219104112164
Bhutan,Rural,Female,Literate,2000,5456.70774972036,65.805,40081,137227,29.207808958878356
Bhutan,Rural,Female,Total,2000,5456.70774972036,65.805,137227,137227,100.0
Bhutan,Rural,Female,Unknown,2000,5456.70774972036,65.805,0,137227,0.0
Bhutan,Rural,Male,Illiterate,2000,5456.70774972036,65.805,64856,152474,42.535776591418866
Bhutan,Rural,Male,Literate,2000,5456.70774972036,65.805,87618,152474,57.464223408581134
Bhutan,Rural,Male,Total,2000,5456.70774972036,65.805,152474,152474,100.0
Bhutan,Rural,Male,Unknown,2000,5456.70774972036,65.805,0,152474,0.0
Bhutan,Total,Both Sexes,Illiterate,2000,5456.70774972036,65.805,200550,425023,47.18568171604831
Bhutan,Total,Both Sexes,Literate,2000,5456.70774972036,65.805,224473,425023,52.81431828395169
Bhutan,Total,Both Sexes,Total,2000,5456.70774972036,65.805,425023,425023,100.0
Bhutan,Total,Both Sexes,Unknown,2000,5456.70774972036,65.805,0,425023,0.0
Bhutan,Total,Female,Illiterate,2000,5456.70774972036,65.805,120918,197192,61.3199318430768
Bhutan,Total,Female,Literate,2000,5456.70774972036,65.805,76274,197192,38.6800681569232
Bhutan,Total,Female,Total,2000,5456.70774972036,65.805,197192,197192,100.0
Bhutan,Total,Female,Unknown,2000,5456.70774972036,65.805,0,197192,0.0
Bhutan,Total,Male,Illiterate,2000,5456.70774972036,65.805,79632,227831,34.95222335854208
Bhutan,Total,Male,Literate,2000,5456.70774972036,65.805,148199,227831,65.04777664145793
Bhutan,Total,Male,Total,2000,5456.70774972036,65.805,227831,227831,100.0
Bhutan,Total,Male,Unknown,2000,5456.70774972036,65.805,0,227831,0.0
Bhutan,Urban,Both Sexes,Illiterate,2000,5456.70774972036,65.805,38548,135322,28.48612938029293
Bhutan,Urban,Both Sexes,Literate,2000,5456.70774972036,65.805,96774,135322,71.51387061970706
Bhutan,Urban,Both Sexes,Total,2000,5456.70774972036,65.805,135322,135322,100.0
Bhutan,Urban,Both Sexes,Unknown,2000,5456.70774972036,65.805,0,135322,0.0
Bhutan,Urban,Female,Illiterate,2000,5456.70774972036,65.805,23772,59965,39.6431251563412
Bhutan,Urban,Female,Literate,2000,5456.70774972036,65.805,36193,59965,60.3568748436588
Bhutan,Urban,Female,Total,2000,5456.70774972036,65.805,59965,59965,100.0
Bhutan,Urban,Female,Unknown,2000,5456.70774972036,65.805,0,59965,0.0
Bhutan,Urban,Male,Illiterate,2000,5456.70774972036,65.805,14776,75357,19.607999256870627
Bhutan,Urban,Male,Literate,2000,5456.70774972036,65.805,60581,75357,80.39200074312937
Bhutan,Urban,Male,Total,2000,5456.70774972036,65.805,75357,75357,100.0
Bhutan,Urban,Male,Unknown,2000,5456.70774972036,65.805,0,75357,0.0
Cambodia,Rural,Both Sexes,Illiterate,1990,1252.33963935454,57.028,1888719,5213899,36.22469480133773
Cambodia,Rural,Both Sexes,Literate,1990,1252.33963935454,57.028,3311535,5213899,63.51360085801432
Cambodia,Rural,Both Sexes,Total,1990,1252.33963935454,57.028,5213899,5213899,100.0
Cambodia,Rural,Both Sexes,Unknown,1990,1252.33963935454,57.028,13645,5213899,0.2617043406479489
Cambodia,Rural,Both Sexes,Illiterate,2000,2640.63162843349,66.47,1803892,6932214,26.021874108329605
Cambodia,Rural,Both Sexes,Literate,2000,2640.63162843349,66.47,5128183,6932214,73.97612076026505
Cambodia,Rural,Both Sexes,Total,2000,2640.63162843349,66.47,6932214,6932214,100.0
Cambodia,Rural,Both Sexes,Unknown,2000,2640.63162843349,66.47,139,6932214,0.002005131405348998
Cambodia,Rural,Female,Illiterate,1990,1252.33963935454,57.028,1334092,2831914,47.10919893753836
Cambodia,Rural,Female,Literate,1990,1252.33963935454,57.028,1491494,2831914,52.66734794912557
Cambodia,Rural,Female,Total,1990,1252.33963935454,57.028,2831914,2831914,100.0
Cambodia,Rural,Female,Unknown,1990,1252.33963935454,57.028,6328,2831914,0.22345311333606882
Cambodia,Rural,Female,Illiterate,2000,2640.63162843349,66.47,1227694,3646780,33.66515117446076
Cambodia,Rural,Female,Literate,2000,2640.63162843349,66.47,2419021,3646780,66.33306643120781
Cambodia,Rural,Female,Total,2000,2640.63162843349,66.47,3646780,3646780,100.0
Cambodia,Rural,Female,Unknown,2000,2640.63162843349,66.47,65,3646780,0.001782394331437597
Cambodia,Rural,Male,Illiterate,1990,1252.33963935454,57.028,554627,2381985,23.284235627008567
Cambodia,Rural,Male,Literate,1990,1252.33963935454,57.028,1820041,2381985,76.40858359729386
Cambodia,Rural,Male,Total,1990,1252.33963935454,57.028,2381985,2381985,100.0
Cambodia,Rural,Male,Unknown,1990,1252.33963935454,57.028,7317,2381985,0.30718077569757996
Cambodia,Rural,Male,Illiterate,2000,2640.63162843349,66.47,576198,3285434,17.537956933543636
Cambodia,Rural,Male,Literate,2000,2640.63162843349,66.47,2709162,3285434,82.4597907004067
Cambodia,Rural,Male,Total,2000,2640.63162843349,66.47,3285434,3285434,100.0
Cambodia,Rural,Male,Unknown,2000,2640.63162843349,66.47,74,3285434,0.0022523660496604103
Cambodia,Total,Both Sexes,Illiterate,1990,1252.33963935454,57.028,2130004,6539848,32.56962547141769
Cambodia,Total,Both Sexes,Literate,1990,1252.33963935454,57.028,4390755,6539848,67.13848701070728
Cambodia,Total,Both Sexes,Total,1990,1252.33963935454,57.028,6539848,6539848,100.0
Cambodia,Total,Both Sexes,Unknown,1990,1252.33963935454,57.028,19089,6539848,0.2918875178750332
Cambodia,Total,Both Sexes,Illiterate,2000,2640.63162843349,66.47,1990705,8881890,22.413078747879112
Cambodia,Total,Both Sexes,Literate,2000,2640.63162843349,66.47,6891035,8881890,77.58523242237857
Cambodia,Total,Both Sexes,Total,2000,2640.63162843349,66.47,8881890,8881890,100.0
Cambodia,Total,Both Sexes,Unknown,2000,2640.63162843349,66.47,150,8881890,0.001688829742318358
Cambodia,Total,Female,Illiterate,1990,1252.33963935454,57.028,1514724,3530847,42.8997348228343
Cambodia,Total,Female,Literate,1990,1252.33963935454,57.028,2007276,3530847,56.849702068653784
Cambodia,Total,Female,Total,1990,1252.33963935454,57.028,3530847,3530847,100.0
Cambodia,Total,Female,Unknown,1990,1252.33963935454,57.028,8847,3530847,0.25056310851192365
Cambodia,Total,Female,Illiterate,2000,2640.63162843349,66.47,1364003,4680642,29.141365650267634
Cambodia,Total,Female,Literate,2000,2640.63162843349,66.47,3316569,4680642,70.85713882839148
Cambodia,Total,Female,Total,2000,2640.63162843349,66.47,4680642,4680642,100.0
Cambodia,Total,Female,Unknown,2000,2640.63162843349,66.47,70,4680642,0.0014955213408758884
Cambodia,Total,Male,Illiterate,1990,1252.33963935454,57.028,615280,3009001,20.447982569630252
Cambodia,Total,Male,Literate,1990,1252.33963935454,57.028,2383479,3009001,79.2116386800802
Cambodia,Total,Male,Total,1990,1252.33963935454,57.028,3009001,3009001,100.0
Cambodia,Total,Male,Unknown,1990,1252.33963935454,57.028,10242,3009001,0.34037875028954795
Cambodia,Total,Male,Illiterate,2000,2640.63162843349,66.47,626702,4201248,14.917043697491794
Cambodia,Total,Male,Literate,2000,2640.63162843349,66.47,3574466,4201248,85.08105210642171
Cambodia,Total,Male,Total,2000,2640.63162843349,66.47,4201248,4201248,100.0
Cambodia,Total,Male,Unknown,2000,2640.63162843349,66.47,80,4201248,0.0019041960864962031
Cambodia,Urban,Both Sexes,Illiterate,1990,1252.33963935454,57.028,241285,1325949,18.197155395871185
Cambodia,Urban,Both Sexes,Literate,1990,1252.33963935454,57.028,1079220,1325949,81.39227074344488
Cambodia,Urban,Both Sexes,Total,1990,1252.33963935454,57.028,1325949,1325949,100.0
Cambodia,Urban,Both Sexes,Unknown,1990,1252.33963935454,57.028,5444,1325949,0.4105738606839328
Cambodia,Urban,Both Sexes,Illiterate,2000,2640.63162843349,66.47,186813,1949676,9.581745890086353
Cambodia,Urban,Both Sexes,Literate,2000,2640.63162843349,66.47,1762852,1949676,90.41768991360615
Cambodia,Urban,Both Sexes,Total,2000,2640.63162843349,66.47,1949676,1949676,100.0
Cambodia,Urban,Both Sexes,Unknown,2000,2640.63162843349,66.47,11,1949676,0.0005641963074890392
Cambodia,Urban,Female,Illiterate,1990,1252.33963935454,57.028,180632,698933,25.843965015244667
Cambodia,Urban,Female,Literate,1990,1252.33963935454,57.028,515782,698933,73.79562847941077
Cambodia,Urban,Female,Total,1990,1252.33963935454,57.028,698933,698933,100.0
Cambodia,Urban,Female,Unknown,1990,1252.33963935454,57.028,2519,698933,0.36040650534457525
Cambodia,Urban,Female,Illiterate,2000,2640.63162843349,66.47,136309,1033862,13.184448214558616
Cambodia,Urban,Female,Literate,2000,2640.63162843349,66.47,897548,1033862,86.81506816190169
Cambodia,Urban,Female,Total,2000,2640.63162843349,66.47,1033862,1033862,100.0
Cambodia,Urban,Female,Unknown,2000,2640.63162843349,66.47,5,1033862,0.0004836235396987219
Cambodia,Urban,Male,Illiterate,1990,1252.33963935454,57.028,60653,627016,9.673277874886764
Cambodia,Urban,Male,Literate,1990,1252.33963935454,57.028,563438,627016,89.86022685226533
Cambodia,Urban,Male,Total,1990,1252.33963935454,57.028,627016,627016,100.0
Cambodia,Urban,Male,Unknown,1990,1252.33963935454,57.028,2925,627016,0.4664952728479018
Cambodia,Urban,Male,Illiterate,2000,2640.63162843349,66.47,50504,915814,5.514656906315038
Cambodia,Urban,Male,Literate,2000,2640.63162843349,66.47,865304,915814,94.48468793881727
Cambodia,Urban,Male,Total,2000,2640.63162843349,66.47,915814,915814,100.0
Cambodia,Urban,Male,Unknown,2000,2640.63162843349,66.47,6,915814,0.0006551548676914745
China,Rural,Both Sexes,Illiterate,2000,3451.67923092858,71.881,67445733,583823613,11.552416089069697
China,Rural,Both Sexes,Literate,2000,3451.67923092858,71.881,516377880,583823613,88.4475839109303
China,Rural,Both Sexes,Total,2000,3451.67923092858,71.881,583823613,583823613,100.0
China,Rural,Both Sexes,Illiterate,2010,8884.58803122605,75.599,38884409,535792357,7.257365375221282
China,Rural,Both Sexes,Literate,2010,8884.58803122605,75.599,496907948,535792357,92.74263462477872
China,Rural,Both Sexes,Total,2010,8884.58803122605,75.599,535792357,535792357,100.0
China,Rural,Female,Illiterate,2000,3451.67923092858,71.881,48188456,285324813,16.88898189166604
China,Rural,Female,Literate,2000,3451.67923092858,71.881,237136357,285324813,83.11101810833395
China,Rural,Female,Total,2000,3451.67923092858,71.881,285324813,285324813,100.0
China,Rural,Female,Illiterate,2010,8884.58803122605,75.599,28284260,265303115,10.661111159588156
China,Rural,Female,Literate,2010,8884.58803122605,75.599,237018855,265303115,89.33888884041184
China,Rural,Female,Total,2010,8884.58803122605,75.599,265303115,265303115,100.0
China,Rural,Male,Illiterate,2000,3451.67923092858,71.881,19257277,298498800,6.451375013902903
China,Rural,Male,Literate,2000,3451.67923092858,71.881,279241523,298498800,93.5486249860971
China,Rural,Male,Total,2000,3451.67923092858,71.881,298498800,298498800,100.0
China,Rural,Male,Illiterate,2010,8884.58803122605,75.599,10600149,270489242,3.918880071393006
China,Rural,Male,Literate,2010,8884.58803122605,75.599,259889093,270489242,96.081119928607
China,Rural,Male,Total,2010,8884.58803122605,75.599,270489242,270489242,100.0
China,Total,Both Sexes,Illiterate,2000,3451.67923092858,71.881,86992069,958084632,9.07978962342859
China,Total,Both Sexes,Literate,2000,3451.67923092858,71.881,871092563,958084632,90.9202103765714
China,Total,Both Sexes,Total,2000,3451.67923092858,71.881,958084632,958084632,100.0
China,Total,Both Sexes,Illiterate,2010,8884.58803122605,75.599,54190864,1111488248,4.875522894417504
China,Total,Both Sexes,Literate,2010,8884.58803122605,75.599,1057297384,1111488248,95.1244771055825
China,Total,Both Sexes,Total,2010,8884.58803122605,75.599,1111488248,1111488248,100.0
China,Total,Female,Illiterate,2000,3451.67923092858,71.881,63204457,469105304,13.473404896739346
China,Total,Female,Literate,2000,3451.67923092858,71.881,405900847,469105304,86.52659510326065
China,Total,Female,Total,2000,3451.67923092858,71.881,469105304,469105304,100.0
China,Total,Female,Illiterate,2010,8884.58803122605,75.599,40011943,548953652,7.288765245339874
China,Total,Female,Literate,2010,8884.58803122605,75.599,508941709,548953652,92.71123475466013
China,Total,Female,Total,2010,8884.58803122605,75.599,548953652,548953652,100.0
China,Total,Male,Illiterate,2000,3451.67923092858,71.881,23787612,488979328,4.864747983783887
China,Total,Male,Literate,2000,3451.67923092858,71.881,465191716,488979328,95.13525201621611
China,Total,Male,Total,2000,3451.67923092858,71.881,488979328,488979328,100.0
China,Total,Male,Illiterate,2010,8884.58803122605,75.599,14178921,562534596,2.5205420432488386
China,Total,Male,Literate,2010,8884.58803122605,75.599,548355675,562534596,97.47945795675116
China,Total,Male,Total,2010,8884.58803122605,75.599,562534596,562534596,100.0
China,Urban,Both Sexes,Illiterate,2000,3451.67923092858,71.881,19546336,374261019,5.2226481005760315
China,Urban,Both Sexes,Literate,2000,3451.67923092858,71.881,354714683,374261019,94.77735189942396
China,Urban,Both Sexes,Total,2000,3451.67923092858,71.881,374261019,374261019,100.0
China,Urban,Both Sexes,Illiterate,2010,8884.58803122605,75.599,15306455,575695891,2.6587744049053845
China,Urban,Both Sexes,Literate,2010,8884.58803122605,75.599,560389436,575695891,97.34122559509461
China,Urban,Both Sexes,Total,2010,8884.58803122605,75.599,575695891,575695891,100.0
China,Urban,Female,Illiterate,2000,3451.67923092858,71.881,15016001,183780491,8.170617522183026
China,Urban,Female,Literate,2000,3451.67923092858,71.881,168764490,183780491,91.82938247781698
China,Urban,Female,Total,2000,3451.67923092858,71.881,183780491,183780491,100.0
China,Urban,Female,Illiterate,2010,8884.58803122605,75.599,11727683,283650537,4.134553427621397
China,Urban,Female,Literate,2010,8884.58803122605,75.599,271922854,283650537,95.8654465723786
China,Urban,Female,Total,2010,8884.58803122605,75.599,283650537,283650537,100.0
China,Urban,Male,Illiterate,2000,3451.67923092858,71.881,4530335,190480528,2.378371714719312
China,Urban,Male,Literate,2000,3451.67923092858,71.881,185950193,190480528,97.62162828528069
China,Urban,Male,Total,2000,3451.67923092858,71.881,190480528,190480528,100.0
China,Urban,Male,Illiterate,2010,8884.58803122605,75.599,3578772,292045354,1.2254165152718026
China,Urban,Male,Literate,2010,8884.58803122605,75.599,288466582,292045354,98.7745834847282
China,Urban,Male,Total,2010,8884.58803122605,75.599,292045354,292045354,100.0
India,Rural,Both Sexes,Illiterate,2000,2656.65520801002,63.091,216217177,466543662,46.34446775530304
India,Rural,Both Sexes,Literate,2000,2656.65520801002,63.091,250326485,466543662,53.65553224469696
India,Rural,Both Sexes,Total,2000,2656.65520801002,63.091,466543662,466543662,100.0
India,Rural,Both Sexes,Unknown,2000,2656.65520801002,63.091,0,466543662,0.0
India,Rural,Female,Illiterate,2000,2656.65520801002,63.091,139719618,228495629,61.14761083679198
India,Rural,Female,Literate,2000,2656.65520801002,63.091,88776011,228495629,38.85238916320802
India,Rural,Female,Total,2000,2656.65520801002,63.091,228495629,228495629,100.0
India,Rural,Female,Unknown,2000,2656.65520801002,63.091,0,228495629,0.0
India,Rural,Male,Illiterate,2000,2656.65520801002,63.091,76497559,238048033,32.13534597868322
India,Rural,Male,Literate,2000,2656.65520801002,63.091,161550474,238048033,67.86465402131678
India,Rural,Male,Total,2000,2656.65520801002,63.091,238048033,238048033,100.0
India,Rural,Male,Unknown,2000,2656.65520801002,63.091,0,238048033,0.0
India,Total,Both Sexes,Illiterate,2000,2656.65520801002,63.091,259526614,664999516,39.026586900553475
India,Total,Both Sexes,Literate,2000,2656.65520801002,63.091,405472902,664999516,60.973413099446525
India,Total,Both Sexes,Total,2000,2656.65520801002,63.091,664999516,664999516,100.0
India,Total,Both Sexes,Unknown,2000,2656.65520801002,63.091,0,664999516,0.0
India,Total,Female,Illiterate,2000,2656.65520801002,63.091,168192854,322330066,52.18031817112587
India,Total,Female,Literate,2000,2656.65520801002,63.091,154137212,322330066,47.81968182887413
India,Total,Female,Total,2000,2656.65520801002,63.091,322330066,322330066,100.0
India,Total,Female,Unknown,2000,2656.65520801002,63.091,0,322330066,0.0
India,Total,Male,Illiterate,2000,2656.65520801002,63.091,91333760,342669450,26.653604515955536
India,Total,Male,Literate,2000,2656.65520801002,63.091,251335690,342669450,73.34639548404446
India,Total,Male,Total,2000,2656.65520801002,63.091,342669450,342669450,100.0
India,Total,Male,Unknown,2000,2656.65520801002,63.091,0,342669450,0.0
India,Urban,Both Sexes,Illiterate,2000,2656.65520801002,63.091,43309437,198455854,21.823209609125463
India,Urban,Both Sexes,Literate,2000,2656.65520801002,63.091,155146417,198455854,78.17679039087454
India,Urban,Both Sexes,Total,2000,2656.65520801002,63.091,198455854,198455854,100.0
India,Urban,Both Sexes,Unknown,2000,2656.65520801002,63.091,0,198455854,0.0
India,Urban,Female,Illiterate,2000,2656.65520801002,63.091,28473236,93834437,30.344121955993618
India,Urban,Female,Literate,2000,2656.65520801002,63.091,65361201,93834437,69.65587804400639
India,Urban,Female,Total,2000,2656.65520801002,63.091,93834437,93834437,100.0
India,Urban,Female,Unknown,2000,2656.65520801002,63.091,0,93834437,0.0
India,Urban,Male,Illiterate,2000,2656.65520801002,63.091,14836201,104621417,14.180845017612407
India,Urban,Male,Literate,2000,2656.65520801002,63.091,89785216,104621417,85.81915498238759
India,Urban,Male,Total,2000,2656.65520801002,63.091,104621417,104621417,100.0
India,Urban,Male,Unknown,2000,2656.65520801002,63.091,0,104621417,0.0
Indonesia,Rural,Both Sexes,Illiterate,2000,6699.27209089739,67.649,11190759,84568596,13.232759593170968
Indonesia,Rural,Both Sexes,Literate,2000,6699.27209089739,67.649,73370244,84568596,86.75826189665014
Indonesia,Rural,Both Sexes,Total,2000,6699.27209089739,67.649,84568596,84568596,100.0
Indonesia,Rural,Both Sexes,Unknown,2000,6699.27209089739,67.649,7593,84568596,0.008978510178884843
Indonesia,Rural,Both Sexes,Illiterate,2010,8286.7328696642,68.679,10500459,83301129,12.605422190616409
Indonesia,Rural,Both Sexes,Literate,2010,8286.7328696642,68.679,72570716,83301129,87.11852632873679
Indonesia,Rural,Both Sexes,Total,2010,8286.7328696642,68.679,83301129,83301129,100.0
Indonesia,Rural,Both Sexes,Unknown,2010,8286.7328696642,68.679,229954,83301129,0.2760514806467989
Indonesia,Rural,Female,Illiterate,2000,6699.27209089739,67.649,7336045,42238859,17.36799992632377
Indonesia,Rural,Female,Literate,2000,6699.27209089739,67.649,34899344,42238859,82.62378488964391
Indonesia,Rural,Female,Total,2000,6699.27209089739,67.649,42238859,42238859,100.0
Indonesia,Rural,Female,Unknown,2000,6699.27209089739,67.649,3470,42238859,0.008215184032314887
Indonesia,Rural,Female,Illiterate,2010,8286.7328696642,68.679,6782830,41774969,16.236588948755415
Indonesia,Rural,Female,Literate,2010,8286.7328696642,68.679,34904290,41774969,83.55312005138771
Indonesia,Rural,Female,Total,2010,8286.7328696642,68.679,41774969,41774969,100.0
Indonesia,Rural,Female,Unknown,2010,8286.7328696642,68.679,87849,41774969,0.21029099985687602
Indonesia,Rural,Male,Illiterate,2000,6699.27209089739,67.649,3854714,42329737,9.106397235588778
Indonesia,Rural,Male,Literate,2000,6699.27209089739,67.649,38470900,42329737,90.88386256687586
Indonesia,Rural,Male,Total,2000,6699.27209089739,67.649,42329737,42329737,100.0
Indonesia,Rural,Male,Unknown,2000,6699.27209089739,67.649,4123,42329737,0.009740197535363851
Indonesia,Rural,Male,Illiterate,2010,8286.7328696642,68.679,3717629,41526160,8.95249885855085
Indonesia,Rural,Male,Literate,2010,8286.7328696642,68.679,37666426,41526160,90.70529516815424
Indonesia,Rural,Male,Total,2010,8286.7328696642,68.679,41526160,41526160,100.0
Indonesia,Rural,Male,Unknown,2010,8286.7328696642,68.679,142105,41526160,0.34220597329490615
Indonesia,Total,Both Sexes,Illiterate,2000,6699.27209089739,67.649,14652657,151410095,9.677463712046412
Indonesia,Total,Both Sexes,Literate,2000,6699.27209089739,67.649,136741609,151410095,90.31208189916266
Indonesia,Total,Both Sexes,Total,2000,6699.27209089739,67.649,151410095,151410095,100.0
Indonesia,Total,Both Sexes,Unknown,2000,6699.27209089739,67.649,15829,151410095,0.010454388790919126
Indonesia,Total,Both Sexes,Illiterate,2010,8286.7328696642,68.679,13927843,169038063,8.239471485188517
Indonesia,Total,Both Sexes,Literate,2010,8286.7328696642,68.679,154369520,169038063,91.32234318136975
Indonesia,Total,Both Sexes,Total,2010,8286.7328696642,68.679,169038063,169038063,100.0
Indonesia,Total,Both Sexes,Unknown,2010,8286.7328696642,68.679,740700,169038063,0.43818533344173494
Indonesia,Total,Female,Illiterate,2000,6699.27209089739,67.649,9814568,75914271,12.928488768600571
Indonesia,Total,Female,Literate,2000,6699.27209089739,67.649,66090548,75914271,87.05945157531711
Indonesia,Total,Female,Total,2000,6699.27209089739,67.649,75914271,75914271,100.0
Indonesia,Total,Female,Unknown,2000,6699.27209089739,67.649,9155,75914271,0.012059656082319488
Indonesia,Total,Female,Illiterate,2010,8286.7328696642,68.679,9180639,84706030,10.838235483353428
Indonesia,Total,Female,Literate,2010,8286.7328696642,68.679,75261196,84706030,88.8498681852992
Indonesia,Total,Female,Total,2010,8286.7328696642,68.679,84706030,84706030,100.0
Indonesia,Total,Female,Unknown,2010,8286.7328696642,68.679,264195,84706030,0.3118963313473669
Indonesia,Total,Male,Illiterate,2000,6699.27209089739,67.649,4838089,75495824,6.408419358400539
Indonesia,Total,Male,Literate,2000,6699.27209089739,67.649,70651061,75495824,93.5827404175362
Indonesia,Total,Male,Total,2000,6699.27209089739,67.649,75495824,75495824,100.0
Indonesia,Total,Male,Unknown,2000,6699.27209089739,67.649,6674,75495824,0.008840224063254147
Indonesia,Total,Male,Illiterate,2010,8286.7328696642,68.679,4747204,84332033,5.629182448382337
Indonesia,Total,Male,Literate,2010,8286.7328696642,68.679,79108324,84332033,93.80578314766822
Indonesia,Total,Male,Total,2010,8286.7328696642,68.679,84332033,84332033,100.0
Indonesia,Total,Male,Unknown,2010,8286.7328696642,68.679,476505,84332033,0.5650344039494459
Indonesia,Urban,Both Sexes,Illiterate,2000,6699.27209089739,67.649,3461898,66841499,5.179264456651398
Indonesia,Urban,Both Sexes,Literate,2000,6699.27209089739,67.649,63371365,66841499,94.80841385678679
Indonesia,Urban,Both Sexes,Total,2000,6699.27209089739,67.649,66841499,66841499,100.0
Indonesia,Urban,Both Sexes,Unknown,2000,6699.27209089739,67.649,8236,66841499,0.012321686561816933
Indonesia,Urban,Both Sexes,Illiterate,2010,8286.7328696642,68.679,3427384,85736934,3.997558391812798
Indonesia,Urban,Both Sexes,Literate,2010,8286.7328696642,68.679,81798804,85736934,95.40672868008086
Indonesia,Urban,Both Sexes,Total,2010,8286.7328696642,68.679,85736934,85736934,100.0
Indonesia,Urban,Both Sexes,Unknown,2010,8286.7328696642,68.679,510746,85736934,0.5957129281063398
Indonesia,Urban,Female,Illiterate,2000,6699.27209089739,67.649,2478523,33675412,7.36003764408287
Indonesia,Urban,Female,Literate,2000,6699.27209089739,67.649,31191204,33675412,92.62308060254765
Indonesia,Urban,Female,Total,2000,6699.27209089739,67.649,33675412,33675412,100.0
Indonesia,Urban,Female,Unknown,2000,6699.27209089739,67.649,5685,33675412,0.01688175336949107
Indonesia,Urban,Female,Illiterate,2010,8286.7328696642,68.679,2397809,42931061,5.58525446179865
Indonesia,Urban,Female,Literate,2010,8286.7328696642,68.679,40356906,42931061,94.00398000878664
Indonesia,Urban,Female,Total,2010,8286.7328696642,68.679,42931061,42931061,100.0
Indonesia,Urban,Female,Unknown,2010,8286.7328696642,68.679,176346,42931061,0.4107655294147051
Indonesia,Urban,Male,Illiterate,2000,6699.27209089739,67.649,983375,33166087,2.9650015692234057
Indonesia,Urban,Male,Literate,2000,6699.27209089739,67.649,32180161,33166087,97.02730683906124
Indonesia,Urban,Male,Total,2000,6699.27209089739,67.649,33166087,33166087,100.0
Indonesia,Urban,Male,Unknown,2000,6699.27209089739,67.649,2551,33166087,0.007691591715356713
Indonesia,Urban,Male,Illiterate,2010,8286.7328696642,68.679,1029575,42805873,2.4052190221654866
Indonesia,Urban,Male,Literate,2010,8286.7328696642,68.679,41441898,42805873,96.81357976275825
Indonesia,Urban,Male,Total,2010,8286.7328696642,68.679,42805873,42805873,100.0
Indonesia,Urban,Male,Unknown,2010,8286.7328696642,68.679,334400,42805873,0.7812012150762584
Kazakhstan,Total,Both Sexes,Illiterate,1990,9330.56478866572,65.63,52030,10676895,0.48731396159651286
Kazakhstan,Total,Both Sexes,Literate,1990,9330.56478866572,65.63,10624856,10676895,99.51260174423369
Kazakhstan,Total,Both Sexes,Total,1990,9330.56478866572,65.63,10676895,10676895,100.0
Kazakhstan,Total,Both Sexes,Unknown,1990,9330.56478866572,65.63,9,10676895,8.429416979374622e-05
Kazakhstan,Total,Female,Illiterate,1990,9330.56478866572,65.63,40141,5652829,0.7101046219512389
Kazakhstan,Total,Female,Literate,1990,9330.56478866572,65.63,5612681,5652829,99.28977154624702
Kazakhstan,Total,Female,Total,1990,9330.56478866572,65.63,5652829,5652829,100.0
Kazakhstan,Total,Female,Unknown,1990,9330.56478866572,65.63,7,5652829,0.00012383180174033214
Kazakhstan,Total,Male,Illiterate,1990,9330.56478866572,65.63,11889,5024066,0.23664099954100923
Kazakhstan,Total,Male,Literate,1990,9330.56478866572,65.63,5012175,5024066,99.76331919206476
Kazakhstan,Total,Male,Total,1990,9330.56478866572,65.63,5024066,5024066,100.0
Kazakhstan,Total,Male,Unknown,1990,9330.56478866572,65.63,2,5024066,3.980839423685915e-05
Kuwait,Total,Both Sexes,Illiterate,1990,63724.7058143604,75.537,237654,1100021,21.604496641427755
Kuwait,Total,Both Sexes,Literate,1990,63724.7058143604,75.537,862367,1100021,78.39550335857224
Kuwait,Total,Both Sexes,Total,1990,63724.7058143604,75.537,1100021,1100021,100.0
Kuwait,Total,Both Sexes,Illiterate,2000,73155.712289832,76.903,150675,2240561,6.724878278252634
Kuwait,Total,Both Sexes,Literate,2000,73155.712289832,76.903,2089667,2240561,93.26534738398107
Kuwait,Total,Both Sexes,Total,2000,73155.712289832,76.903,2240561,2240561,100.0
Kuwait,Total,Both Sexes,Unknown,2000,73155.712289832,76.903,219,2240561,0.009774337766300493
Kuwait,Total,Both Sexes,Illiterate,2010,60887.683117459,78.464,215173,2370687,9.076398529202717
Kuwait,Total,Both Sexes,Literate,2010,60887.683117459,78.464,2155514,2370687,90.92360147079728
Kuwait,Total,Both Sexes,Total,2010,60887.683117459,78.464,2370687,2370687,100.0
Kuwait,Total,Female,Illiterate,1990,63724.7058143604,75.537,111160,429998,25.851283029223392
Kuwait,Total,Female,Literate,1990,63724.7058143604,75.537,318838,429998,74.1487169707766
Kuwait,Total,Female,Total,1990,63724.7058143604,75.537,429998,429998,100.0
Kuwait,Total,Female,Illiterate,2000,73155.712289832,76.903,69078,771308,8.955955338204712
Kuwait,Total,Female,Literate,2000,73155.712289832,76.903,702097,771308,91.0268012259694
Kuwait,Total,Female,Total,2000,73155.712289832,76.903,771308,771308,100.0
Kuwait,Total,Female,Unknown,2000,73155.712289832,76.903,133,771308,0.017243435825895752
Kuwait,Total,Female,Illiterate,2010,60887.683117459,78.464,108393,991315,10.934264083565768
Kuwait,Total,Female,Literate,2010,60887.683117459,78.464,882922,991315,89.06573591643424
Kuwait,Total,Female,Total,2010,60887.683117459,78.464,991315,991315,100.0
Kuwait,Total,Male,Illiterate,1990,63724.7058143604,75.537,126494,670023,18.87905340562936
Kuwait,Total,Male,Literate,1990,63724.7058143604,75.537,543529,670023,81.12094659437064
Kuwait,Total,Male,Total,1990,63724.7058143604,75.537,670023,670023,100.0
Kuwait,Total,Male,Illiterate,2000,73155.712289832,76.903,81597,1469253,5.553638481595749
Kuwait,Total,Male,Literate,2000,73155.712289832,76.903,1387570,1469253,94.44050820382874
Kuwait,Total,Male,Total,2000,73155.712289832,76.903,1469253,1469253,100.0
Kuwait,Total,Male,Unknown,2000,73155.712289832,76.903,86,1469253,0.0058533145755019726
Kuwait,Total,Male,Illiterate,2010,60887.683117459,78.464,106780,1379372,7.741203968182623
Kuwait,Total,Male,Literate,2010,60887.683117459,78.464,1272592,1379372,92.25879603181738
Kuwait,Total,Male,Total,2010,60887.683117459,78.464,1379372,1379372,100.0
Kuwait,Urban,Both Sexes,Illiterate,2010,60887.683117459,78.464,215173,2370687,9.076398529202717
Kuwait,Urban,Both Sexes,Literate,2010,60887.683117459,78.464,2155514,2370687,90.92360147079728
Kuwait,Urban,Both Sexes,Total,2010,60887.683117459,78.464,2370687,2370687,100.0
Kuwait,Urban,Female,Illiterate,2010,60887.683117459,78.464,108393,991315,10.934264083565768
Kuwait,Urban,Female,Literate,2010,60887.683117459,78.464,882922,991315,89.06573591643424
Kuwait,Urban,Female,Total,2010,60887.683117459,78.464,991315,991315,100.0
Kuwait,Urban,Male,Illiterate,2010,60887.683117459,78.464,106780,1379372,7.741203968182623
Kuwait,Urban,Male,Literate,2010,60887.683117459,78.464,1272592,1379372,92.25879603181738
Kuwait,Urban,Male,Total,2010,60887.683117459,78.464,1379372,1379372,100.0
Malaysia,Rural,Both Sexes,Illiterate,2000,15917.0571666512,72.775,983628,5344042,18.406067916382394
Malaysia,Rural,Both Sexes,Literate,2000,15917.0571666512,72.775,4360414,5344042,81.5939320836176
Malaysia,Rural,Both Sexes,Total,2000,15917.0571666512,72.775,5344042,5344042,100.0
Malaysia,Rural,Female,Illiterate,2000,15917.0571666512,72.775,612924,2624328,23.355464713252307
Malaysia,Rural,Female,Literate,2000,15917.0571666512,72.775,2011404,2624328,76.6445352867477
Malaysia,Rural,Female,Total,2000,15917.0571666512,72.775,2624328,2624328,100.0
Malaysia,Rural,Male,Illiterate,2000,15917.0571666512,72.775,370704,2719714,13.630256710815917
Malaysia,Rural,Male,Literate,2000,15917.0571666512,72.775,2349010,2719714,86.36974328918409
Malaysia,Rural,Male,Total,2000,15917.0571666512,72.775,2719714,2719714,100.0
Malaysia,Total,Both Sexes,Illiterate,2000,15917.0571666512,72.775,1670397,14766276,11.312242843083794
Malaysia,Total,Both Sexes,Literate,2000,15917.0571666512,72.775,13095879,14766276,88.6877571569162
Malaysia,Total,Both Sexes,Total,2000,15917.0571666512,72.775,14766276,14766276,100.0
Malaysia,Total,Female,Illiterate,2000,15917.0571666512,72.775,1072810,7325047,14.64577633426789
Malaysia,Total,Female,Literate,2000,15917.0571666512,72.775,6252237,7325047,85.3542236657321
Malaysia,Total,Female,Total,2000,15917.0571666512,72.775,7325047,7325047,100.0
Malaysia,Total,Male,Illiterate,2000,15917.0571666512,72.775,597587,7441229,8.030756747306123
Malaysia,Total,Male,Literate,2000,15917.0571666512,72.775,6843642,7441229,91.96924325269387
Malaysia,Total,Male,Total,2000,15917.0571666512,72.775,7441229,7441229,100.0
Malaysia,Urban,Both Sexes,Illiterate,2000,15917.0571666512,72.775,686769,9422234,7.288812822946236
Malaysia,Urban,Both Sexes,Literate,2000,15917.0571666512,72.775,8735465,9422234,92.71118717705376
Malaysia,Urban,Both Sexes,Total,2000,15917.0571666512,72.775,9422234,9422234,100.0
Malaysia,Urban,Female,Illiterate,2000,15917.0571666512,72.775,459886,4700719,9.783311872077443
Malaysia,Urban,Female,Literate,2000,15917.0571666512,72.775,4240833,4700719,90.21668812792255
Malaysia,Urban,Female,Total,2000,15917.0571666512,72.775,4700719,4700719,100.0
Malaysia,Urban,Male,Illiterate,2000,15917.0571666512,72.775,226883,4721515,4.805300840937708
Malaysia,Urban,Male,Literate,2000,15917.0571666512,72.775,4494632,4721515,95.1946991590623
Malaysia,Urban,Male,Total,2000,15917.0571666512,72.775,4721515,4721515,100.0
Maldives,Rural,Both Sexes,Illiterate,2000,15516.3615912516,75.13,2597,126031,2.0606041370773855
Maldives,Rural,Both Sexes,Literate,2000,15516.3615912516,75.13,121932,126031,96.74762558418168
Maldives,Rural,Both Sexes,Total,2000,15516.3615912516,75.13,126031,126031,100.0
Maldives,Rural,Both Sexes,Unknown,2000,15516.3615912516,75.13,1502,126031,1.1917702787409448
Maldives,Rural,Both Sexes,Illiterate,2010,17567.7239377428,79.424,7453,184810,4.032790433418105
Maldives,Rural,Both Sexes,Literate,2010,17567.7239377428,79.424,174396,184810,94.36502353768735
Maldives,Rural,Both Sexes,Total,2010,17567.7239377428,79.424,184810,184810,100.0
Maldives,Rural,Both Sexes,Unknown,2010,17567.7239377428,79.424,2961,184810,1.6021860288945404
Maldives,Rural,Female,Illiterate,2000,15516.3615912516,75.13,1249,62526,1.9975690112913027
Maldives,Rural,Female,Literate,2000,15516.3615912516,75.13,60791,62526,97.2251543357963
Maldives,Rural,Female,Total,2000,15516.3615912516,75.13,62526,62526,100.0
Maldives,Rural,Female,Unknown,2000,15516.3615912516,75.13,486,62526,0.7772766529123885
Maldives,Rural,Female,Illiterate,2010,17567.7239377428,79.424,1519,75361,2.015631427396133
Maldives,Rural,Female,Literate,2010,17567.7239377428,79.424,73204,75361,97.13777683417152
Maldives,Rural,Female,Total,2010,17567.7239377428,79.424,75361,75361,100.0
Maldives,Rural,Female,Unknown,2010,17567.7239377428,79.424,638,75361,0.8465917384323457
Maldives,Rural,Male,Illiterate,2000,15516.3615912516,75.13,1348,63505,2.1226675064955516
Maldives,Rural,Male,Literate,2000,15516.3615912516,75.13,61141,63505,96.27745846783718
Maldives,Rural,Male,Total,2000,15516.3615912516,75.13,63505,63505,100.0
Maldives,Rural,Male,Unknown,2000,15516.3615912516,75.13,1016,63505,1.5998740256672703
Maldives,Rural,Male,Illiterate,2010,17567.7239377428,79.424,5934,109449,5.421703259052161
Maldives,Rural,Male,Literate,2010,17567.7239377428,79.424,101192,109449,92.45584701550494
Maldives,Rural,Male,Total,2010,17567.7239377428,79.424,109449,109449,100.0
Maldives,Rural,Male,Unknown,2010,17567.7239377428,79.424,2323,109449,2.1224497254429004
Maldives,Total,Both Sexes,Illiterate,1990,10597.5867015428,67.476,4734,131213,3.607874219780052
Maldives,Total,Both Sexes,Literate,1990,10597.5867015428,67.476,123748,131213,94.31077713336332
Maldives,Total,Both Sexes,Total,1990,10597.5867015428,67.476,131213,131213,100.0
Maldives,Total,Both Sexes,Unknown,1990,10597.5867015428,67.476,2731,131213,2.081348646856638
Maldives,Total,Both Sexes,Illiterate,2000,15516.3615912516,75.13,3134,200848,1.5603839719588943
Maldives,Total,Both Sexes,Literate,2000,15516.3615912516,75.13,192484,200848,95.83565681510396
Maldives,Total,Both Sexes,Total,2000,15516.3615912516,75.13,200848,200848,100.0
Maldives,Total,Both Sexes,Unknown,2000,15516.3615912516,75.13,5230,200848,2.6039592129371467
Maldives,Total,Both Sexes,Illiterate,2010,17567.7239377428,79.424,10891,307458,3.542272440463413
Maldives,Total,Both Sexes,Literate,2010,17567.7239377428,79.424,291944,307458,94.95410755290153
Maldives,Total,Both Sexes,Total,2010,17567.7239377428,79.424,307458,307458,100.0
Maldives,Total,Both Sexes,Unknown,2010,17567.7239377428,79.424,4623,307458,1.5036200066350527
Maldives,Total,Female,Illiterate,1990,10597.5867015428,67.476,2269,64830,3.499922875212093
Maldives,Total,Female,Literate,1990,10597.5867015428,67.476,61276,64830,94.5179700755823
Maldives,Total,Female,Total,1990,10597.5867015428,67.476,64830,64830,100.0
Maldives,Total,Female,Unknown,1990,10597.5867015428,67.476,1285,64830,1.9821070492056148
Maldives,Total,Female,Illiterate,2000,15516.3615912516,75.13,1542,100508,1.5342062323397143
Maldives,Total,Female,Literate,2000,15516.3615912516,75.13,96665,100508,96.1764237672623
Maldives,Total,Female,Total,2000,15516.3615912516,75.13,100508,100508,100.0
Maldives,Total,Female,Unknown,2000,15516.3615912516,75.13,2301,100508,2.2893700003979784
Maldives,Total,Female,Illiterate,2010,17567.7239377428,79.424,2367,128629,1.8401760100754885
Maldives,Total,Female,Literate,2010,17567.7239377428,79.424,125023,128629,97.19658863864292
Maldives,Total,Female,Total,2010,17567.7239377428,79.424,128629,128629,100.0
Maldives,Total,Female,Unknown,2010,17567.7239377428,79.424,1239,128629,0.9632353512815928
Maldives,Total,Male,Illiterate,1990,10597.5867015428,67.476,2465,66383,3.713300091890996
Maldives,Total,Male,Literate,1990,10597.5867015428,67.476,62472,66383,94.10843137550276
Maldives,Total,Male,Total,1990,10597.5867015428,67.476,66383,66383,100.0
Maldives,Total,Male,Unknown,1990,10597.5867015428,67.476,1446,66383,2.1782685326062396
Maldives,Total,Male,Illiterate,2000,15516.3615912516,75.13,1592,100340,1.586605541160056
Maldives,Total,Male,Literate,2000,15516.3615912516,75.13,95819,100340,95.49431931433128
Maldives,Total,Male,Total,2000,15516.3615912516,75.13,100340,100340,100.0
Maldives,Total,Male,Unknown,2000,15516.3615912516,75.13,2929,100340,2.9190751445086707
Maldives,Total,Male,Illiterate,2010,17567.7239377428,79.424,8524,178829,4.766564707066527
Maldives,Total,Male,Literate,2010,17567.7239377428,79.424,166921,178829,93.34112476164381
Maldives,Total,Male,Total,2010,17567.7239377428,79.424,178829,178829,100.0
Maldives,Total,Male,Unknown,2010,17567.7239377428,79.424,3384,178829,1.8923105312896678
Maldives,Urban,Both Sexes,Illiterate,2000,15516.3615912516,75.13,537,74817,0.7177513132042183
Maldives,Urban,Both Sexes,Literate,2000,15516.3615912516,75.13,70552,74817,94.29942392771696
Maldives,Urban,Both Sexes,Total,2000,15516.3615912516,75.13,74817,74817,100.0
Maldives,Urban,Both Sexes,Unknown,2000,15516.3615912516,75.13,3728,74817,4.982824759078819
Maldives,Urban,Both Sexes,Illiterate,2010,17567.7239377428,79.424,3438,122648,2.8031439566890612
Maldives,Urban,Both Sexes,Literate,2010,17567.7239377428,79.424,117548,122648,95.84175852847173
Maldives,Urban,Both Sexes,Total,2010,17567.7239377428,79.424,122648,122648,100.0
Maldives,Urban,Both Sexes,Unknown,2010,17567.7239377428,79.424,1662,122648,1.3550975148392146
Maldives,Urban,Female,Illiterate,2000,15516.3615912516,75.13,293,37982,0.7714180401242694
Maldives,Urban,Female,Literate,2000,15516.3615912516,75.13,35874,37982,94.45000263282607
Maldives,Urban,Female,Total,2000,15516.3615912516,75.13,37982,37982,100.0
Maldives,Urban,Female,Unknown,2000,15516.3615912516,75.13,1815,37982,4.7785793270496555
Maldives,Urban,Female,Illiterate,2010,17567.7239377428,79.424,848,53268,1.5919501389201771
Maldives,Urban,Female,Literate,2010,17567.7239377428,79.424,51819,53268,97.27979274611398
Maldives,Urban,Female,Total,2010,17567.7239377428,79.424,53268,53268,100.0
Maldives,Urban,Female,Unknown,2010,17567.7239377428,79.424,601,53268,1.1282571149658331
Maldives,Urban,Male,Illiterate,2000,15516.3615912516,75.13,244,36835,0.6624134654540519
Maldives,Urban,Male,Literate,2000,15516.3615912516,75.13,34678,36835,94.1441563730148
Maldives,Urban,Male,Total,2000,15516.3615912516,75.13,36835,36835,100.0
Maldives,Urban,Male,Unknown,2000,15516.3615912516,75.13,1913,36835,5.193430161531152
Maldives,Urban,Male,Illiterate,2010,17567.7239377428,79.424,2590,69380,3.733064283655232
Maldives,Urban,Male,Literate,2010,17567.7239377428,79.424,65729,69380,94.73767656385125
Maldives,Urban,Male,Total,2010,17567.7239377428,79.424,69380,69380,100.0
Maldives,Urban,Male,Unknown,2010,17567.7239377428,79.424,1061,69380,1.529259152493514
Mongolia,Rural,Both Sexes,Illiterate,2000,4523.50640936267,62.882,23754,625696,3.7964123152457425
Mongolia,Rural,Both Sexes,Literate,2000,4523.50640936267,62.882,601942,625696,96.20358768475425
Mongolia,Rural,Both Sexes,Total,2000,4523.50640936267,62.882,625696,625696,100.0
Mongolia,Rural,Female,Illiterate,2000,4523.50640936267,62.882,13054,309302,4.220470608014174
Mongolia,Rural,Female,Literate,2000,4523.50640936267,62.882,296248,309302,95.77952939198583
Mongolia,Rural,Female,Total,2000,4523.50640936267,62.882,309302,309302,100.0
Mongolia,Rural,Male,Illiterate,2000,4523.50640936267,62.882,10700,316394,3.3818593272944493
Mongolia,Rural,Male,Literate,2000,4523.50640936267,62.882,305694,316394,96.61814067270555
Mongolia,Rural,Male,Total,2000,4523.50640936267,62.882,316394,316394,100.0
Mongolia,Total,Both Sexes,Illiterate,2000,4523.50640936267,62.882,34011,1524372,2.231148302382883
Mongolia,Total,Both Sexes,Literate,2000,4523.50640936267,62.882,1490361,1524372,97.76885169761712
Mongolia,Total,Both Sexes,Total,2000,4523.50640936267,62.882,1524372,1524372,100.0
Mongolia,Total,Both Sexes,Illiterate,2010,7470.7807390505,67.182,33221,1905969,1.7429979186440072
Mongolia,Total,Both Sexes,Literate,2010,7470.7807390505,67.182,1872748,1905969,98.25700208135599
Mongolia,Total,Both Sexes,Total,2010,7470.7807390505,67.182,1905969,1905969,100.0
Mongolia,Total,Female,Illiterate,2000,4523.50640936267,62.882,19139,774482,2.471200105360744
Mongolia,Total,Female,Literate,2000,4523.50640936267,62.882,755343,774482,97.52879989463925
Mongolia,Total,Female,Total,2000,4523.50640936267,62.882,774482,774482,100.0
Mongolia,Total,Female,Illiterate,2010,7470.7807390505,67.182,16113,968698,1.6633667045869818
Mongolia,Total,Female,Literate,2010,7470.7807390505,67.182,952585,968698,98.33663329541302
Mongolia,Total,Female,Total,2010,7470.7807390505,67.182,968698,968698,100.0
Mongolia,Total,Male,Illiterate,2000,4523.50640936267,62.882,14872,749890,1.9832242062169119
Mongolia,Total,Male,Literate,2000,4523.50640936267,62.882,735018,749890,98.01677579378308
Mongolia,Total,Male,Total,2000,4523.50640936267,62.882,749890,749890,100.0
Mongolia,Total,Male,Illiterate,2010,7470.7807390505,67.182,17108,937271,1.825299193082897
Mongolia,Total,Male,Literate,2010,7470.7807390505,67.182,920163,937271,98.1747008069171
Mongolia,Total,Male,Total,2010,7470.7807390505,67.182,937271,937271,100.0
Mongolia,Urban,Both Sexes,Illiterate,2000,4523.50640936267,62.882,10257,898676,1.1413457130267193
Mongolia,Urban,Both Sexes,Literate,2000,4523.50640936267,62.882,888419,898676,98.85865428697328
Mongolia,Urban,Both Sexes,Total,2000,4523.50640936267,62.882,898676,898676,100.0
Mongolia,Urban,Female,Illiterate,2000,4523.50640936267,62.882,6085,465180,1.30809579087665
Mongolia,Urban,Female,Literate,2000,4523.50640936267,62.882,459095,465180,98.69190420912335
Mongolia,Urban,Female,Total,2000,4523.50640936267,62.882,465180,465180,100.0
Mongolia,Urban,Male,Illiterate,2000,4523.50640936267,62.882,4172,433496,0.9624079576282134
Mongolia,Urban,Male,Literate,2000,4523.50640936267,62.882,429324,433496,99.03759204237178
Mongolia,Urban,Male,Total,2000,4523.50640936267,62.882,433496,433496,100.0
Myanmar,Total,Both Sexes,Illiterate,2010,3574.03152121317,65.056,3555812,33934631,10.478416576859198
Myanmar,Total,Both Sexes,Literate,2010,3574.03152121317,65.056,30378819,33934631,89.5215834231408
Myanmar,Total,Both Sexes,Total,2010,3574.03152121317,65.056,33934631,33934631,100.0
Myanmar,Total,Female,Illiterate,2010,3574.03152121317,65.056,2410882,18380789,13.116313995008593
Myanmar,Total,Female,Literate,2010,3574.03152121317,65.056,15969907,18380789,86.8836860049914
Myanmar,Total,Female,Total,2010,3574.03152121317,65.056,18380789,18380789,100.0
Myanmar,Total,Male,Illiterate,2010,3574.03152121317,65.056,1144930,15553842,7.361075160722348
Myanmar,Total,Male,Literate,2010,3574.03152121317,65.056,14408912,15553842,92.63892483927765
Myanmar,Total,Male,Total,2010,3574.03152121317,65.056,15553842,15553842,100.0
Nepal,Total,Both Sexes,Illiterate,2000,2136.32898313468,63.336,7025539,13788347,50.95272841624888
Nepal,Total,Both Sexes,Literate,2000,2136.32898313468,63.336,6645205,13788347,48.194355712109655
Nepal,Total,Both Sexes,Total,2000,2136.32898313468,63.336,13788347,13788347,100.0
Nepal,Total,Both Sexes,Unknown,2000,2136.32898313468,63.336,117603,13788347,0.8529158716414665
Nepal,Total,Female,Illiterate,2000,2136.32898313468,63.336,4511015,6991577,64.52070827511447
Nepal,Total,Female,Literate,2000,2136.32898313468,63.336,2416943,6991577,34.56935395262042
Nepal,Total,Female,Total,2000,2136.32898313468,63.336,6991577,6991577,100.0
Nepal,Total,Female,Unknown,2000,2136.32898313468,63.336,63621,6991577,0.9099663781146943
Nepal,Total,Male,Illiterate,2000,2136.32898313468,63.336,2514524,6796770,36.995867154545465
Nepal,Total,Male,Literate,2000,2136.32898313468,63.336,4228267,6796770,62.20994678354571
Nepal,Total,Male,Total,2000,2136.32898313468,63.336,6796770,6796770,100.0
Nepal,Total,Male,Unknown,2000,2136.32898313468,63.336,53981,6796770,0.7942154876507518
Oman,Rural,Both Sexes,Illiterate,2000,36946.7194484677,74.14,114509,404158,28.332731258567193
Oman,Rural,Both Sexes,Literate,2000,36946.7194484677,74.14,288007,404158,71.26099198828182
Oman,Rural,Both Sexes,Total,2000,36946.7194484677,74.14,404158,404158,100.0
Oman,Rural,Both Sexes,Unknown,2000,36946.7194484677,74.14,1642,404158,0.40627675315099543
Oman,Rural,Both Sexes,Illiterate,2020,29502.0596686431,74.757,35800,627701,5.70335239230143
Oman,Rural,Both Sexes,Literate,2020,29502.0596686431,74.757,588946,627701,93.8258820680547
Oman,Rural,Both Sexes,Total,2020,29502.0596686431,74.757,627701,627701,100.0
Oman,Rural,Both Sexes,Unknown,2020,29502.0596686431,74.757,2955,627701,0.470765539643875
Oman,Rural,Female,Illiterate,2000,36946.7194484677,74.14,67068,175126,38.29699759030641
Oman,Rural,Female,Literate,2000,36946.7194484677,74.14,107241,175126,61.236481162134695
Oman,Rural,Female,Total,2000,36946.7194484677,74.14,175126,175126,100.0
Oman,Rural,Female,Unknown,2000,36946.7194484677,74.14,817,175126,0.46652124755890045
Oman,Rural,Female,Illiterate,2020,29502.0596686431,74.757,22243,277172,8.024980878299395
Oman,Rural,Female,Literate,2020,29502.0596686431,74.757,253703,277172,91.53269450016596
Oman,Rural,Female,Total,2020,29502.0596686431,74.757,277172,277172,100.0
Oman,Rural,Female,Unknown,2020,29502.0596686431,74.757,1226,277172,0.44232462153464275
Oman,Rural,Male,Illiterate,2000,36946.7194484677,74.14,47441,229032,20.71369939571763
Oman,Rural,Male,Literate,2000,36946.7194484677,74.14,180766,229032,78.92608893080443
Oman,Rural,Male,Total,2000,36946.7194484677,74.14,229032,229032,100.0
Oman,Rural,Male,Unknown,2000,36946.7194484677,74.14,825,229032,0.360211673477942
Oman,Rural,Male,Illiterate,2020,29502.0596686431,74.757,13557,350529,3.8675829959860666
Oman,Rural,Male,Literate,2020,29502.0596686431,74.757,335243,350529,95.63916252292962
Oman,Rural,Male,Total,2020,29502.0596686431,74.757,350529,350529,100.0
Oman,Rural,Male,Unknown,2020,29502.0596686431,74.757,1729,350529,0.49325448108430403
Oman,Total,Both Sexes,Illiterate,2000,36946.7194484677,74.14,287756,1548916,18.57789576710422
Oman,Total,Both Sexes,Literate,2000,36946.7194484677,74.14,1255141,1548916,81.03350988691446
Oman,Total,Both Sexes,Total,2000,36946.7194484677,74.14,1548916,1548916,100.0
Oman,Total,Both Sexes,Unknown,2000,36946.7194484677,74.14,6019,1548916,0.38859434598131853
Oman,Total,Both Sexes,Illiterate,2020,29502.0596686431,74.757,105259,3416900,3.0805408411132897
Oman,Total,Both Sexes,Literate,2020,29502.0596686431,74.757,3285140,3416900,96.14387310134917
Oman,Total,Both Sexes,Total,2020,29502.0596686431,74.757,3416900,3416900,100.0
Oman,Total,Both Sexes,Unknown,2020,29502.0596686431,74.757,26501,3416900,0.7755860575375341
Oman,Total,Female,Illiterate,2000,36946.7194484677,74.14,168524,639647,26.34640668993992
Oman,Total,Female,Literate,2000,36946.7194484677,74.14,467857,639647,73.14299918548825
Oman,Total,Female,Total,2000,36946.7194484677,74.14,639647,639647,100.0
Oman,Total,Female,Unknown,2000,36946.7194484677,74.14,3266,639647,0.5105941245718342
Oman,Total,Female,Illiterate,2020,29502.0596686431,74.757,68132,1229185,5.542859699719733
Oman,Total,Female,Literate,2020,29502.0596686431,74.757,1149428,1229185,93.51139169449677
Oman,Total,Female,Total,2020,29502.0596686431,74.757,1229185,1229185,100.0
Oman,Total,Female,Unknown,2020,29502.0596686431,74.757,11625,1229185,0.945748605783507
Oman,Total,Male,Illiterate,2000,36946.7194484677,74.14,119232,909269,13.112951172865236
Oman,Total,Male,Literate,2000,36946.7194484677,74.14,787284,909269,86.58427813991239
Oman,Total,Male,Total,2000,36946.7194484677,74.14,909269,909269,100.0
Oman,Total,Male,Unknown,2000,36946.7194484677,74.14,2753,909269,0.30277068722237316
Oman,Total,Male,Illiterate,2020,29502.0596686431,74.757,37127,2187715,1.6970674882240147
Oman,Total,Male,Literate,2020,29502.0596686431,74.757,2135712,2187715,97.62295362970039
Oman,Total,Male,Total,2020,29502.0596686431,74.757,2187715,2187715,100.0
Oman,Total,Male,Unknown,2020,29502.0596686431,74.757,14876,2187715,0.6799788820755903
Oman,Urban,Both Sexes,Illiterate,2000,36946.7194484677,74.14,173247,1144758,15.133940972677195
Oman,Urban,Both Sexes,Literate,2000,36946.7194484677,74.14,967134,1144758,84.48370747354463
Oman,Urban,Both Sexes,Total,2000,36946.7194484677,74.14,1144758,1144758,100.0
Oman,Urban,Both Sexes,Unknown,2000,36946.7194484677,74.14,4377,1144758,0.3823515537781784
Oman,Urban,Both Sexes,Illiterate,2020,29502.0596686431,74.757,69459,2789199,2.4902848452190036
Oman,Urban,Both Sexes,Literate,2020,29502.0596686431,74.757,2696194,2789199,96.66553013965658
Oman,Urban,Both Sexes,Total,2020,29502.0596686431,74.757,2789199,2789199,100.0
Oman,Urban,Both Sexes,Unknown,2020,29502.0596686431,74.757,23546,2789199,0.8441850151244139
Oman,Urban,Female,Illiterate,2000,36946.7194484677,74.14,101456,464521,21.8409931951408
Oman,Urban,Female,Literate,2000,36946.7194484677,74.14,360616,464521,77.63179705546143
Oman,Urban,Female,Total,2000,36946.7194484677,74.14,464521,464521,100.0
Oman,Urban,Female,Unknown,2000,36946.7194484677,74.14,2449,464521,0.5272097493977668
Oman,Urban,Female,Illiterate,2020,29502.0596686431,74.757,45889,952013,4.820207287085365
Oman,Urban,Female,Literate,2020,29502.0596686431,74.757,895725,952013,94.08747569623524
Oman,Urban,Female,Total,2020,29502.0596686431,74.757,952013,952013,100.0
Oman,Urban,Female,Unknown,2020,29502.0596686431,74.757,10399,952013,1.092317016679394
Oman,Urban,Male,Illiterate,2000,36946.7194484677,74.14,71791,680237,10.553821682737047
Oman,Urban,Male,Literate,2000,36946.7194484677,74.14,606518,680237,89.16274768940825
Oman,Urban,Male,Total,2000,36946.7194484677,74.14,680237,680237,100.0
Oman,Urban,Male,Unknown,2000,36946.7194484677,74.14,1928,680237,0.2834306278547036
Oman,Urban,Male,Illiterate,2020,29502.0596686431,74.757,23570,1837186,1.2829403228633356
Oman,Urban,Male,Literate,2020,29502.0596686431,74.757,1800469,1837186,98.00145439819376
Oman,Urban,Male,Total,2020,29502.0596686431,74.757,1837186,1837186,100.0
Oman,Urban,Male,Unknown,2020,29502.0596686431,74.757,13147,1837186,0.715605278942905
Pakistan,Rural,Both Sexes,Illiterate,1990,3568.31913257697,61.09,31936920,46688953,68.40359003124358
Pakistan,Rural,Both Sexes,Literate,1990,3568.31913257697,61.09,14752033,46688953,31.596409968756422
Pakistan,Rural,Both Sexes,Total,1990,3568.31913257697,61.09,46688953,46688953,100.0
Pakistan,Rural,Both Sexes,Unknown,1990,3568.31913257697,61.09,0,46688953,0.0
Pakistan,Rural,Both Sexes,Illiterate,2010,5091.08716396767,66.297,40488691,75526847,53.60834273937054
Pakistan,Rural,Both Sexes,Literate,2010,5091.08716396767,66.297,35038156,75526847,46.39165726062946
Pakistan,Rural,Both Sexes,Total,2010,5091.08716396767,66.297,75526847,75526847,100.0
Pakistan,Rural,Female,Illiterate,1990,3568.31913257697,61.09,18986404,22952746,82.71953168479274
Pakistan,Rural,Female,Literate,1990,3568.31913257697,61.09,3966342,22952746,17.28046831520725
Pakistan,Rural,Female,Total,1990,3568.31913257697,61.09,22952746,22952746,100.0
Pakistan,Rural,Female,Unknown,1990,3568.31913257697,61.09,0,22952746,0.0
Pakistan,Rural,Female,Illiterate,2010,5091.08716396767,66.297,24866072,37793101,65.79526776593431
Pakistan,Rural,Female,Literate,2010,5091.08716396767,66.297,12927029,37793101,34.20473223406568
Pakistan,Rural,Female,Total,2010,5091.08716396767,66.297,37793101,37793101,100.0
Pakistan,Rural,Male,Illiterate,1990,3568.31913257697,61.09,12950516,23736207,54.56017467323233
Pakistan,Rural,Male,Literate,1990,3568.31913257697,61.09,10785691,23736207,45.43982532676767
Pakistan,Rural,Male,Total,1990,3568.31913257697,61.09,23736207,23736207,100.0
Pakistan,Rural,Male,Unknown,1990,3568.31913257697,61.09,0,23736207,0.0
Pakistan,Rural,Male,Illiterate,2010,5091.08716396767,66.297,15622619,37733746,41.40224773866873
Pakistan,Rural,Male,Literate,2010,5091.08716396767,66.297,22111127,37733746,58.59775226133127
Pakistan,Rural,Male,Total,2010,5091.08716396767,66.297,37733746,37733746,100.0
Pakistan,Total,Both Sexes,Illiterate,1990,3568.31913257697,61.09,41485007,72398791,57.30069028362642
Pakistan,Total,Both Sexes,Literate,1990,3568.31913257697,61.09,30913784,72398791,42.69930971637358
Pakistan,Total,Both Sexes,Total,1990,3568.31913257697,61.09,72398791,72398791,100.0
Pakistan,Total,Both Sexes,Unknown,1990,3568.31913257697,61.09,0,72398791,0.0
Pakistan,Total,Both Sexes,Illiterate,2010,5091.08716396767,66.297,54370136,123968130,43.85815612448135
Pakistan,Total,Both Sexes,Literate,2010,5091.08716396767,66.297,69597994,123968130,56.14184387551865
Pakistan,Total,Both Sexes,Total,2010,5091.08716396767,66.297,123968130,123968130,100.0
Pakistan,Total,Female,Illiterate,1990,3568.31913257697,61.09,24650386,34740304,70.95616089024436
Pakistan,Total,Female,Literate,1990,3568.31913257697,61.09,10089918,34740304,29.04383910975563
Pakistan,Total,Female,Total,1990,3568.31913257697,61.09,34740304,34740304,100.0
Pakistan,Total,Female,Unknown,1990,3568.31913257697,61.09,0,34740304,0.0
Pakistan,Total,Female,Illiterate,2010,5091.08716396767,66.297,32915788,61161856,53.81751005070873
Pakistan,Total,Female,Literate,2010,5091.08716396767,66.297,28246068,61161856,46.18248994929127
Pakistan,Total,Female,Total,2010,5091.08716396767,66.297,61161856,61161856,100.0
Pakistan,Total,Male,Illiterate,1990,3568.31913257697,61.09,16834621,37658487,44.70339182771735
Pakistan,Total,Male,Literate,1990,3568.31913257697,61.09,20823866,37658487,55.29660817228265
Pakistan,Total,Male,Total,1990,3568.31913257697,61.09,37658487,37658487,100.0
Pakistan,Total,Male,Unknown,1990,3568.31913257697,61.09,0,37658487,0.0
Pakistan,Total,Male,Illiterate,2010,5091.08716396767,66.297,21454348,62806274,34.159561829762424
Pakistan,Total,Male,Literate,2010,5091.08716396767,66.297,41351926,62806274,65.84043817023758
Pakistan,Total,Male,Total,2010,5091.08716396767,66.297,62806274,62806274,100.0
Pakistan,Urban,Both Sexes,Illiterate,1990,3568.31913257697,61.09,9548087,25709838,37.137873058554476
Pakistan,Urban,Both Sexes,Literate,1990,3568.31913257697,61.09,16161751,25709838,62.862126941445524
Pakistan,Urban,Both Sexes,Total,1990,3568.31913257697,61.09,25709838,25709838,100.0
Pakistan,Urban,Both Sexes,Unknown,1990,3568.31913257697,61.09,0,25709838,0.0
Pakistan,Urban,Both Sexes,Illiterate,2010,5091.08716396767,66.297,13881445,48441283,28.65622902679931
Pakistan,Urban,Both Sexes,Literate,2010,5091.08716396767,66.297,34559838,48441283,71.34377097320069
Pakistan,Urban,Both Sexes,Total,2010,5091.08716396767,66.297,48441283,48441283,100.0
Pakistan,Urban,Female,Illiterate,1990,3568.31913257697,61.09,5663982,11787558,48.05051224350285
Pakistan,Urban,Female,Literate,1990,3568.31913257697,61.09,6123576,11787558,51.94948775649715
Pakistan,Urban,Female,Total,1990,3568.31913257697,61.09,11787558,11787558,100.0
Pakistan,Urban,Female,Unknown,1990,3568.31913257697,61.09,0,11787558,0.0
Pakistan,Urban,Female,Illiterate,2010,5091.08716396767,66.297,8049716,23368755,34.44649062391214
Pakistan,Urban,Female,Literate,2010,5091.08716396767,66.297,15319039,23368755,65.55350937608786
Pakistan,Urban,Female,Total,2010,5091.08716396767,66.297,23368755,23368755,100.0
Pakistan,Urban,Male,Illiterate,1990,3568.31913257697,61.09,3884105,13922280,27.898483581712192
Pakistan,Urban,Male,Literate,1990,3568.31913257697,61.09,10038175,13922280,72.10151641828782
Pakistan,Urban,Male,Total,1990,3568.31913257697,61.09,13922280,13922280,100.0
Pakistan,Urban,Male,Unknown,1990,3568.31913257697,61.09,0,13922280,0.0
Pakistan,Urban,Male,Illiterate,2010,5091.08716396767,66.297,5831729,25072528,23.259437580446615
Pakistan,Urban,Male,Literate,2010,5091.08716396767,66.297,19240799,25072528,76.74056241955338
Pakistan,Urban,Male,Total,2010,5091.08716396767,66.297,25072528,25072528,100.0
Philippines,Rural,Both Sexes,Illiterate,2010,7300.13621040525,71.268,927645,32488830,2.8552736432798596
Philippines,Rural,Both Sexes,Literate,2010,7300.13621040525,71.268,31561185,32488830,97.14472635672014
Philippines,Rural,Both Sexes,Total,2010,7300.13621040525,71.268,32488830,32488830,100.0
Philippines,Rural,Female,Illiterate,2010,7300.13621040525,71.268,443491,15983931,2.7746053208062524
Philippines,Rural,Female,Literate,2010,7300.13621040525,71.268,15540440,15983931,97.22539467919374
Philippines,Rural,Female,Total,2010,7300.13621040525,71.268,15983931,15983931,100.0
Philippines,Rural,Male,Illiterate,2010,7300.13621040525,71.268,484154,16504899,2.9333957148117054
Philippines,Rural,Male,Literate,2010,7300.13621040525,71.268,16020745,16504899,97.06660428518829
Philippines,Rural,Male,Total,2010,7300.13621040525,71.268,16504899,16504899,100.0
Philippines,Total,Both Sexes,Illiterate,2000,4453.75666456993,69.413,3554756,48037656,7.3999364165478845
Philippines,Total,Both Sexes,Literate,2000,4453.75666456993,69.413,44482900,48037656,92.60006358345211
Philippines,Total,Both Sexes,Total,2000,4453.75666456993,69.413,48037656,48037656,100.0
Philippines,Total,Both Sexes,Illiterate,2010,7300.13621040525,71.268,1243837,68438430,1.817454024003765
Philippines,Total,Both Sexes,Literate,2010,7300.13621040525,71.268,67194593,68438430,98.18254597599623
Philippines,Total,Both Sexes,Total,2010,7300.13621040525,71.268,68438430,68438430,100.0
Philippines,Total,Both Sexes,Illiterate,2020,7958.39591988978,72.119,1147925,75252798,1.5254250081173062
Philippines,Total,Both Sexes,Literate,2020,7958.39591988978,72.119,74104873,75252798,98.47457499188269
Philippines,Total,Both Sexes,Total,2020,7958.39591988978,72.119,75252798,75252798,100.0
Philippines,Total,Female,Illiterate,2000,4453.75666456993,69.413,1767720,24066678,7.345093494000293
Philippines,Total,Female,Literate,2000,4453.75666456993,69.413,22298958,24066678,92.6549065059997
Philippines,Total,Female,Total,2000,4453.75666456993,69.413,24066678,24066678,100.0
Philippines,Total,Female,Illiterate,2010,7300.13621040525,71.268,602123,34245540,1.7582523154840017
Philippines,Total,Female,Literate,2010,7300.13621040525,71.268,33643417,34245540,98.241747684516
Philippines,Total,Female,Total,2010,7300.13621040525,71.268,34245540,34245540,100.0
Philippines,Total,Female,Illiterate,2020,7958.39591988978,72.119,545924,37504591,1.4556191267357108
Philippines,Total,Female,Literate,2020,7958.39591988978,72.119,36958667,37504591,98.54438087326429
Philippines,Total,Female,Total,2020,7958.39591988978,72.119,37504591,37504591,100.0
Philippines,Total,Male,Illiterate,2000,4453.75666456993,69.413,1787036,23970978,7.454998290015535
Philippines,Total,Male,Literate,2000,4453.75666456993,69.413,22183942,23970978,92.54500170998446
Philippines,Total,Male,Total,2000,4453.75666456993,69.413,23970978,23970978,100.0
Philippines,Total,Male,Illiterate,2010,7300.13621040525,71.268,641714,34192890,1.8767468909472116
Philippines,Total,Male,Literate,2010,7300.13621040525,71.268,33551176,34192890,98.12325310905278
Philippines,Total,Male,Total,2010,7300.13621040525,71.268,34192890,34192890,100.0
Philippines,Total,Male,Illiterate,2020,7958.39591988978,72.119,602001,37748207,1.5947803825490308
Philippines,Total,Male,Literate,2020,7958.39591988978,72.119,37146206,37748207,98.40521961745097
Philippines,Total,Male,Total,2020,7958.39591988978,72.119,37748207,37748207,100.0
Philippines,Urban,Both Sexes,Illiterate,2010,7300.13621040525,71.268,316192,35949600,0.879542470569909
Philippines,Urban,Both Sexes,Literate,2010,7300.13621040525,71.268,35633408,35949600,99.1204575294301
Philippines,Urban,Both Sexes,Total,2010,7300.13621040525,71.268,35949600,35949600,100.0
Philippines,Urban,Female,Illiterate,2010,7300.13621040525,71.268,158632,18261609,0.8686638729369356
Philippines,Urban,Female,Literate,2010,7300.13621040525,71.268,18102977,18261609,99.13133612706307
Philippines,Urban,Female,Total,2010,7300.13621040525,71.268,18261609,18261609,100.0
Philippines,Urban,Male,Illiterate,2010,7300.13621040525,71.268,157560,17687991,0.8907738589419228
Philippines,Urban,Male,Literate,2010,7300.13621040525,71.268,17530431,17687991,99.10922614105807
Philippines,Urban,Male,Total,2010,7300.13621040525,71.268,17687991,17687991,100.0
Qatar,Total,Both Sexes,Illiterate,2000,93748.5501253273,75.961,63622,576411,11.037610316250037
Qatar,Total,Both Sexes,Literate,2000,93748.5501253273,75.961,512789,576411,88.96238968374996
Qatar,Total,Both Sexes,Total,2000,93748.5501253273,75.961,576411,576411,100.0
Qatar,Total,Both Sexes,Unknown,2000,93748.5501253273,75.961,0,576411,0.0
Qatar,Total,Both Sexes,Illiterate,2010,95908.3128170241,78.425,54512,1466851,3.7162602063876973
Qatar,Total,Both Sexes,Literate,2010,95908.3128170241,78.425,1412339,1466851,96.2837397936123
Qatar,Total,Both Sexes,Total,2010,95908.3128170241,78.425,1466851,1466851,100.0
Qatar,Total,Both Sexes,Illiterate,2020,85290.4504296993,79.099,19397,2396804,0.8092860325667013
Qatar,Total,Both Sexes,Literate,2020,85290.4504296993,79.099,2377407,2396804,99.1907139674333
Qatar,Total,Both Sexes,Total,2020,85290.4504296993,79.099,2396804,2396804,100.0
Qatar,Total,Female,Illiterate,2000,93748.5501253273,75.961,18817,165195,11.390780592632948
Qatar,Total,Female,Literate,2000,93748.5501253273,75.961,146378,165195,88.60921940736705
Qatar,Total,Female,Total,2000,93748.5501253273,75.961,165195,165195,100.0
Qatar,Total,Female,Unknown,2000,93748.5501253273,75.961,0,165195,0.0
Qatar,Total,Female,Illiterate,2010,95908.3128170241,78.425,13852,301252,4.598143746763507
Qatar,Total,Female,Literate,2010,95908.3128170241,78.425,287400,301252,95.40185625323649
Qatar,Total,Female,Total,2010,95908.3128170241,78.425,301252,301252,100.0
Qatar,Total,Male,Illiterate,2000,93748.5501253273,75.961,44805,411216,10.895733629041672
Qatar,Total,Male,Literate,2000,93748.5501253273,75.961,366411,411216,89.10426637095833
Qatar,Total,Male,Total,2000,93748.5501253273,75.961,411216,411216,100.0
Qatar,Total,Male,Unknown,2000,93748.5501253273,75.961,0,411216,0.0
Qatar,Total,Male,Illiterate,2010,95908.3128170241,78.425,40660,1165599,3.4883351821681385
Qatar,Total,Male,Literate,2010,95908.3128170241,78.425,1124939,1165599,96.51166481783186
Qatar,Total,Male,Total,2010,95908.3128170241,78.425,1165599,1165599,100.0
Saudi Arabia,Total,Both Sexes,Illiterate,2000,43210.2302308238,74.153,2552828,14892017,17.142258164223154
Saudi Arabia,Total,Both Sexes,Literate,2000,43210.2302308238,74.153,12339189,14892017,82.85774183577685
Saudi Arabia,Total,Both Sexes,Total,2000,43210.2302308238,74.153,14892017,14892017,100.0
Saudi Arabia,Total,Both Sexes,Illiterate,2010,44036.7472381053,75.763,2353546,20047843,11.739647003420767
Saudi Arabia,Total,Both Sexes,Literate,2010,44036.7472381053,75.763,17694297,20047843,88.26035299657923
Saudi Arabia,Total,Both Sexes,Total,2010,44036.7472381053,75.763,20047843,20047843,100.0
Saudi Arabia,Total,Female,Illiterate,2000,43210.2302308238,74.153,1471215,6216880,23.664844745274156
Saudi Arabia,Total,Female,Literate,2000,43210.2302308238,74.153,4745665,6216880,76.33515525472585
Saudi Arabia,Total,Female,Total,2000,43210.2302308238,74.153,6216880,6216880,100.0
Saudi Arabia,Total,Female,Illiterate,2010,44036.7472381053,75.763,1345231,8293772,16.21977310203367
Saudi Arabia,Total,Female,Literate,2010,44036.7472381053,75.763,6948541,8293772,83.78022689796633
Saudi Arabia,Total,Female,Total,2010,44036.7472381053,75.763,8293772,8293772,100.0
Saudi Arabia,Total,Male,Illiterate,2000,43210.2302308238,74.153,1081613,8675137,12.46796448286638
Saudi Arabia,Total,Male,Literate,2000,43210.2302308238,74.153,7593524,8675137,87.53203551713362
Saudi Arabia,Total,Male,Total,2000,43210.2302308238,74.153,8675137,8675137,100.0
Saudi Arabia,Total,Male,Illiterate,2010,44036.7472381053,75.763,1008315,11754071,8.578432102375423
Saudi Arabia,Total,Male,Literate,2010,44036.7472381053,75.763,10745756,11754071,91.42156789762457
Saudi Arabia,Total,Male,Total,2010,44036.7472381053,75.763,11754071,11754071,100.0
Singapore,Total,Both Sexes,Illiterate,2000,55904.2335996225,77.9512195121951,185864,2494631,7.450560824426538
Singapore,Total,Both Sexes,Literate,2000,55904.2335996225,77.9512195121951,2308767,2494631,92.54943917557347
Singapore,Total,Both Sexes,Total,2000,55904.2335996225,77.9512195121951,2494631,2494631,100.0
Singapore,Total,Both Sexes,Illiterate,2010,78115.2118082776,81.5414634146342,128661,3105749,4.142672186322848
Singapore,Total,Both Sexes,Literate,2010,78115.2118082776,81.5414634146342,2977089,3105749,95.8573600120293
Singapore,Total,Both Sexes,Total,2010,78115.2118082776,81.5414634146342,3105749,3105749,100.0
Singapore,Total,Both Sexes,Unknown,2010,78115.2118082776,81.5414634146342,0,3105749,0.0
Singapore,Total,Both Sexes,Illiterate,2020,94505.6361597191,84.4658536585366,99213,3459094,2.8681787774486613
Singapore,Total,Both Sexes,Literate,2020,94505.6361597191,84.4658536585366,3359881,3459094,97.13182122255134
Singapore,Total,Both Sexes,Total,2020,94505.6361597191,84.4658536585366,3459094,3459094,100.0
Singapore,Total,Female,Illiterate,2000,55904.2335996225,77.9512195121951,143624,1264872,11.35482483603084
Singapore,Total,Female,Literate,2000,55904.2335996225,77.9512195121951,1121247,1264872,88.64509610458607
Singapore,Total,Female,Total,2000,55904.2335996225,77.9512195121951,1264872,1264872,100.0
Singapore,Total,Female,Illiterate,2010,78115.2118082776,81.5414634146342,98876,1588321,6.225189996228722
Singapore,Total,Female,Literate,2010,78115.2118082776,81.5414634146342,1489446,1588321,93.77487296333676
Singapore,Total,Female,Total,2010,78115.2118082776,81.5414634146342,1588321,1588321,100.0
Singapore,Total,Female,Unknown,2010,78115.2118082776,81.5414634146342,0,1588321,0.0
Singapore,Total,Female,Illiterate,2020,94505.6361597191,84.4658536585366,74955,1795534,4.1745241248564495
Singapore,Total,Female,Literate,2020,94505.6361597191,84.4658536585366,1720578,1795534,95.82542018140565
Singapore,Total,Female,Total,2020,94505.6361597191,84.4658536585366,1795534,1795534,100.0
Singapore,Total,Male,Illiterate,2000,55904.2335996225,77.9512195121951,42240,1229758,3.4348221357372752
Singapore,Total,Male,Literate,2000,55904.2335996225,77.9512195121951,1187518,1229758,96.56517786426272
Singapore,Total,Male,Total,2000,55904.2335996225,77.9512195121951,1229758,1229758,100.0
Singapore,Total,Male,Illiterate,2010,78115.2118082776,81.5414634146342,29784,1517428,1.962794939858761
Singapore,Total,Male,Literate,2010,78115.2118082776,81.5414634146342,1487644,1517428,98.03720506014123
Singapore,Total,Male,Total,2010,78115.2118082776,81.5414634146342,1517428,1517428,100.0
Singapore,Total,Male,Unknown,2010,78115.2118082776,81.5414634146342,0,1517428,0.0
Singapore,Total,Male,Illiterate,2020,94505.6361597191,84.4658536585366,24257,1663560,1.4581379691745413
Singapore,Total,Male,Literate,2020,94505.6361597191,84.4658536585366,1639304,1663560,98.54192214287431
Singapore,Total,Male,Total,2020,94505.6361597191,84.4658536585366,1663560,1663560,100.0
Sri Lanka,Rural,Both Sexes,Illiterate,2000,5816.4739394424,70.787,1020178,10583106,9.639684228807686
Sri Lanka,Rural,Both Sexes,Literate,2000,5816.4739394424,70.787,9562928,10583106,90.36031577119232
Sri Lanka,Rural,Both Sexes,Total,2000,5816.4739394424,70.787,10583106,10583106,100.0
Sri Lanka,Rural,Both Sexes,Illiterate,2010,10712.3973470478,73.906,645313,12384143,5.2108006181776165
Sri Lanka,Rural,Both Sexes,Literate,2010,10712.3973470478,73.906,11738830,12384143,94.78919938182239
Sri Lanka,Rural,Both Sexes,Total,2010,10712.3973470478,73.906,12384143,12384143,100.0
Sri Lanka,Rural,Female,Illiterate,2000,5816.4739394424,70.787,615675,5384623,11.433948114844808
Sri Lanka,Rural,Female,Literate,2000,5816.4739394424,70.787,4768948,5384623,88.56605188515519
Sri Lanka,Rural,Female,Total,2000,5816.4739394424,70.787,5384623,5384623,100.0
Sri Lanka,Rural,Female,Illiterate,2010,10712.3973470478,73.906,421170,6483018,6.496511347030041
Sri Lanka,Rural,Female,Literate,2010,10712.3973470478,73.906,6061848,6483018,93.50348865296996
Sri Lanka,Rural,Female,Total,2010,10712.3973470478,73.906,6483018,6483018,100.0
Sri Lanka,Rural,Male,Illiterate,2000,5816.4739394424,70.787,404503,5198483,7.781173853987788
Sri Lanka,Rural,Male,Literate,2000,5816.4739394424,70.787,4793980,5198483,92.2188261460122
Sri Lanka,Rural,Male,Total,2000,5816.4739394424,70.787,5198483,5198483,100.0
Sri Lanka,Rural,Male,Illiterate,2010,10712.3973470478,73.906,224143,5901125,3.798309644347476
Sri Lanka,Rural,Male,Literate,2010,10712.3973470478,73.906,5676982,5901125,96.20169035565253
Sri Lanka,Rural,Male,Total,2010,10712.3973470478,73.906,5901125,5901125,100.0
Sri Lanka,Total,Both Sexes,Illiterate,2000,5816.4739394424,70.787,1145868,12480663,9.181146866957308
Sri Lanka,Total,Both Sexes,Literate,2000,5816.4739394424,70.787,11334795,12480663,90.8188531330427
Sri Lanka,Total,Both Sexes,Total,2000,5816.4739394424,70.787,12480663,12480663,100.0
Sri Lanka,Total,Both Sexes,Illiterate,2010,10712.3973470478,73.906,715105,15227773,4.696057657281862
Sri Lanka,Total,Both Sexes,Literate,2010,10712.3973470478,73.906,14512668,15227773,95.30394234271813
Sri Lanka,Total,Both Sexes,Total,2010,10712.3973470478,73.906,15227773,15227773,100.0
Sri Lanka,Total,Female,Illiterate,2000,5816.4739394424,70.787,684513,6320868,10.829414567746076
Sri Lanka,Total,Female,Literate,2000,5816.4739394424,70.787,5636355,6320868,89.17058543225393
Sri Lanka,Total,Female,Total,2000,5816.4739394424,70.787,6320868,6320868,100.0
Sri Lanka,Total,Female,Illiterate,2010,10712.3973470478,73.906,466841,7961539,5.863702985063566
Sri Lanka,Total,Female,Literate,2010,10712.3973470478,73.906,7494698,7961539,94.13629701493643
Sri Lanka,Total,Female,Total,2010,10712.3973470478,73.906,7961539,7961539,100.0
Sri Lanka,Total,Male,Illiterate,2000,5816.4739394424,70.787,461355,6159795,7.48977847477067
Sri Lanka,Total,Male,Literate,2000,5816.4739394424,70.787,5698440,6159795,92.51022152522933
Sri Lanka,Total,Male,Total,2000,5816.4739394424,70.787,6159795,6159795,100.0
Sri Lanka,Total,Male,Illiterate,2010,10712.3973470478,73.906,248264,7266234,3.4166804977654173
Sri Lanka,Total,Male,Literate,2010,10712.3973470478,73.906,7017970,7266234,96.58331950223459
Sri Lanka,Total,Male,Total,2010,10712.3973470478,73.906,7266234,7266234,100.0
Sri Lanka,Urban,Both Sexes,Illiterate,2000,5816.4739394424,70.787,125690,1897557,6.623779944423277
Sri Lanka,Urban,Both Sexes,Literate,2000,5816.4739394424,70.787,1771867,1897557,93.37622005557672
Sri Lanka,Urban,Both Sexes,Total,2000,5816.4739394424,70.787,1897557,1897557,100.0
Sri Lanka,Urban,Both Sexes,Illiterate,2010,10712.3973470478,73.906,69792,2843630,2.454327743060806
Sri Lanka,Urban,Both Sexes,Literate,2010,10712.3973470478,73.906,2773838,2843630,97.5456722569392
Sri Lanka,Urban,Both Sexes,Total,2010,10712.3973470478,73.906,2843630,2843630,100.0
Sri Lanka,Urban,Female,Illiterate,2000,5816.4739394424,70.787,68838,936245,7.35256263050804
Sri Lanka,Urban,Female,Literate,2000,5816.4739394424,70.787,867407,936245,92.64743736949195
Sri Lanka,Urban,Female,Total,2000,5816.4739394424,70.787,936245,936245,100.0
Sri Lanka,Urban,Female,Illiterate,2010,10712.3973470478,73.906,45671,1478521,3.088965256496188
Sri Lanka,Urban,Female,Literate,2010,10712.3973470478,73.906,1432850,1478521,96.91103474350382
Sri Lanka,Urban,Female,Total,2010,10712.3973470478,73.906,1478521,1478521,100.0
Sri Lanka,Urban,Male,Illiterate,2000,5816.4739394424,70.787,56852,961312,5.914000865483839
Sri Lanka,Urban,Male,Literate,2000,5816.4739394424,70.787,904460,961312,94.08599913451616
Sri Lanka,Urban,Male,Total,2000,5816.4739394424,70.787,961312,961312,100.0
Sri Lanka,Urban,Male,Illiterate,2010,10712.3973470478,73.906,24121,1365109,1.7669651287919133
Sri Lanka,Urban,Male,Literate,2010,10712.3973470478,73.906,1340988,1365109,98.23303487120809
Sri Lanka,Urban,Male,Total,2010,10712.3973470478,73.906,1365109,1365109,100.0
Tajikistan,Rural,Both Sexes,Illiterate,2000,1324.67911013774,63.26,14259,2513811,0.567226414396309
Tajikistan,Rural,Both Sexes,Literate,2000,1324.67911013774,63.26,2499541,2513811,99.43233600298511
Tajikistan,Rural,Both Sexes,Total,2000,1324.67911013774,63.26,2513811,2513811,100.0
Tajikistan,Rural,Both Sexes,Unknown,2000,1324.67911013774,63.26,11,2513811,0.00043758261858190613
Tajikistan,Rural,Both Sexes,Illiterate,2010,2389.60592124142,67.742,9737,3528274,0.27597063039888625
Tajikistan,Rural,Both Sexes,Literate,2010,2389.60592124142,67.742,3518537,3528274,99.72402936960111
Tajikistan,Rural,Both Sexes,Total,2010,2389.60592124142,67.742,3528274,3528274,100.0
Tajikistan,Rural,Female,Illiterate,2000,1324.67911013774,63.26,10127,1262242,0.802302569554808
Tajikistan,Rural,Female,Literate,2000,1324.67911013774,63.26,1252110,1262242,99.19730130989144
Tajikistan,Rural,Female,Total,2000,1324.67911013774,63.26,1262242,1262242,100.0
Tajikistan,Rural,Female,Unknown,2000,1324.67911013774,63.26,5,1262242,0.0003961205537448445
Tajikistan,Rural,Female,Illiterate,2010,2389.60592124142,67.742,6576,1765037,0.37257009343146913
Tajikistan,Rural,Female,Literate,2010,2389.60592124142,67.742,1758461,1765037,99.62742990656854
Tajikistan,Rural,Female,Total,2010,2389.60592124142,67.742,1765037,1765037,100.0
Tajikistan,Rural,Male,Illiterate,2000,1324.67911013774,63.26,4132,1251569,0.3301456012413219
Tajikistan,Rural,Male,Literate,2000,1324.67911013774,63.26,1247431,1251569,99.66937500049937
Tajikistan,Rural,Male,Total,2000,1324.67911013774,63.26,1251569,1251569,100.0
Tajikistan,Rural,Male,Unknown,2000,1324.67911013774,63.26,6,1251569,0.00047939825930492044
Tajikistan,Rural,Male,Illiterate,2010,2389.60592124142,67.742,3161,1763237,0.1792725538313908
Tajikistan,Rural,Male,Literate,2010,2389.60592124142,67.742,1760076,1763237,99.8207274461686
Tajikistan,Rural,Male,Total,2010,2389.60592124142,67.742,1763237,1763237,100.0
Tajikistan,Total,Both Sexes,Illiterate,2000,1324.67911013774,63.26,19265,3510725,0.5487470536712502
Tajikistan,Total,Both Sexes,Literate,2000,1324.67911013774,63.26,3491440,3510725,99.45068326342849
Tajikistan,Total,Both Sexes,Total,2000,1324.67911013774,63.26,3510725,3510725,100.0
Tajikistan,Total,Both Sexes,Unknown,2000,1324.67911013774,63.26,20,3510725,0.0005696829002556452
Tajikistan,Total,Both Sexes,Illiterate,2010,2389.60592124142,67.742,12852,4873895,0.2636905390862955
Tajikistan,Total,Both Sexes,Literate,2010,2389.60592124142,67.742,4861043,4873895,99.7363094609137
Tajikistan,Total,Both Sexes,Total,2010,2389.60592124142,67.742,4873895,4873895,100.0
Tajikistan,Total,Female,Illiterate,2000,1324.67911013774,63.26,13775,1769983,0.7782560623463615
Tajikistan,Total,Female,Literate,2000,1324.67911013774,63.26,1756199,1769983,99.22123545819366
Tajikistan,Total,Female,Total,2000,1324.67911013774,63.26,1769983,1769983,100.0
Tajikistan,Total,Female,Unknown,2000,1324.67911013774,63.26,9,1769983,0.0005084794599722144
Tajikistan,Total,Female,Illiterate,2010,2389.60592124142,67.742,8573,2438147,0.35161948807844645
Tajikistan,Total,Female,Literate,2010,2389.60592124142,67.742,2429574,2438147,99.64838051192156
Tajikistan,Total,Female,Total,2010,2389.60592124142,67.742,2438147,2438147,100.0
Tajikistan,Total,Male,Illiterate,2000,1324.67911013774,63.26,5490,1740742,0.3153827505741804
Tajikistan,Total,Male,Literate,2000,1324.67911013774,63.26,1735241,1740742,99.68398533498933
Tajikistan,Total,Male,Total,2000,1324.67911013774,63.26,1740742,1740742,100.0
Tajikistan,Total,Male,Unknown,2000,1324.67911013774,63.26,11,1740742,0.0006319144364874289
Tajikistan,Total,Male,Illiterate,2010,2389.60592124142,67.742,4279,2435748,0.1756749877245101
Tajikistan,Total,Male,Literate,2010,2389.60592124142,67.742,2431469,2435748,99.8243250122755
Tajikistan,Total,Male,Total,2010,2389.60592124142,67.742,2435748,2435748,100.0
Tajikistan,Urban,Both Sexes,Illiterate,2000,1324.67911013774,63.26,5006,996914,0.5021496337698137
Tajikistan,Urban,Both Sexes,Literate,2000,1324.67911013774,63.26,991899,996914,99.4969475802326
Tajikistan,Urban,Both Sexes,Total,2000,1324.67911013774,63.26,996914,996914,100.0
Tajikistan,Urban,Both Sexes,Unknown,2000,1324.67911013774,63.26,9,996914,0.0009027859975885583
Tajikistan,Urban,Both Sexes,Illiterate,2010,2389.60592124142,67.742,3115,1345621,0.23149163100159703
Tajikistan,Urban,Both Sexes,Literate,2010,2389.60592124142,67.742,1342506,1345621,99.7685083689984
Tajikistan,Urban,Both Sexes,Total,2010,2389.60592124142,67.742,1345621,1345621,100.0
Tajikistan,Urban,Female,Illiterate,2000,1324.67911013774,63.26,3648,507741,0.7184765461130773
Tajikistan,Urban,Female,Literate,2000,1324.67911013774,63.26,504089,507741,99.28073565065654
Tajikistan,Urban,Female,Total,2000,1324.67911013774,63.26,507741,507741,100.0
Tajikistan,Urban,Female,Unknown,2000,1324.67911013774,63.26,4,507741,0.0007878032303871462
Tajikistan,Urban,Female,Illiterate,2010,2389.60592124142,67.742,1997,673110,0.2966825630283312
Tajikistan,Urban,Female,Literate,2010,2389.60592124142,67.742,671113,673110,99.70331743697167
Tajikistan,Urban,Female,Total,2010,2389.60592124142,67.742,673110,673110,100.0
Tajikistan,Urban,Male,Illiterate,2000,1324.67911013774,63.26,1358,489173,0.27761139719485745
Tajikistan,Urban,Male,Literate,2000,1324.67911013774,63.26,487810,489173,99.72136646953123
Tajikistan,Urban,Male,Total,2000,1324.67911013774,63.26,489173,489173,100.0
Tajikistan,Urban,Male,Unknown,2000,1324.67911013774,63.26,5,489173,0.001022133273913319
Tajikistan,Urban,Male,Illiterate,2010,2389.60592124142,67.742,1118,672511,0.16624263394948186
Tajikistan,Urban,Male,Literate,2010,2389.60592124142,67.742,671393,672511,99.83375736605052
Tajikistan,Urban,Male,Total,2010,2389.60592124142,67.742,672511,672511,100.0
Thailand,Rural,Both Sexes,Illiterate,2000,9809.62237014961,72.316,2660853,30973000,8.590879152810512
Thailand,Rural,Both Sexes,Literate,2000,9809.62237014961,72.316,28308701,30973000,91.39799502792755
Thailand,Rural,Both Sexes,Total,2000,9809.62237014961,72.316,30973000,30973000,100.0
Thailand,Rural,Both Sexes,Unknown,2000,9809.62237014961,72.316,3446,30973000,0.011125819261937817
Thailand,Rural,Both Sexes,Illiterate,2010,14399.0445142977,76.131,1063139,28810365,3.690126799851373
Thailand,Rural,Both Sexes,Literate,2010,14399.0445142977,76.131,27726679,28810365,96.23855511722951
Thailand,Rural,Both Sexes,Total,2010,14399.0445142977,76.131,28810365,28810365,100.0
Thailand,Rural,Both Sexes,Unknown,2010,14399.0445142977,76.131,20547,28810365,0.0713180829191161
Thailand,Rural,Female,Illiterate,2000,9809.62237014961,72.316,1747093,15733503,11.104284913537692
Thailand,Rural,Female,Literate,2000,9809.62237014961,72.316,13984573,15733503,88.88403936491447
Thailand,Rural,Female,Total,2000,9809.62237014961,72.316,15733503,15733503,100.0
Thailand,Rural,Female,Unknown,2000,9809.62237014961,72.316,1837,15733503,0.011675721547833308
Thailand,Rural,Female,Illiterate,2010,14399.0445142977,76.131,573754,14718976,3.898056495234451
Thailand,Rural,Female,Literate,2010,14399.0445142977,76.131,14136560,14718976,96.04309430221232
Thailand,Rural,Female,Total,2010,14399.0445142977,76.131,14718976,14718976,100.0
Thailand,Rural,Female,Unknown,2010,14399.0445142977,76.131,8662,14718976,0.05884920255322109
Thailand,Rural,Male,Illiterate,2000,9809.62237014961,72.316,913760,15239497,5.9959984243574445
Thailand,Rural,Male,Literate,2000,9809.62237014961,72.316,14324128,15239497,93.99344348438797
Thailand,Rural,Male,Total,2000,9809.62237014961,72.316,15239497,15239497,100.0
Thailand,Rural,Male,Unknown,2000,9809.62237014961,72.316,1609,15239497,0.010558091254586684
Thailand,Rural,Male,Illiterate,2010,14399.0445142977,76.131,489385,14091389,3.4729365572123516
Thailand,Rural,Male,Literate,2010,14399.0445142977,76.131,13590119,14091389,96.44272115403244
Thailand,Rural,Male,Total,2010,14399.0445142977,76.131,14091389,14091389,100.0
Thailand,Rural,Male,Unknown,2010,14399.0445142977,76.131,11885,14091389,0.08434228875521071
Thailand,Total,Both Sexes,Illiterate,2000,9809.62237014961,72.316,3387530,46072543,7.352600441438624
Thailand,Total,Both Sexes,Literate,2000,9809.62237014961,72.316,42679654,46072543,92.63576790193673
Thailand,Total,Both Sexes,Total,2000,9809.62237014961,72.316,46072543,46072543,100.0
Thailand,Total,Both Sexes,Unknown,2000,9809.62237014961,72.316,5359,46072543,0.011631656624640841
Thailand,Total,Both Sexes,Illiterate,2010,14399.0445142977,76.131,1896608,53295890,3.558638386562266
Thailand,Total,Both Sexes,Literate,2010,14399.0445142977,76.131,51243274,53295890,96.14864110534602
Thailand,Total,Both Sexes,Total,2010,14399.0445142977,76.131,53295890,53295890,100.0
Thailand,Total,Both Sexes,Unknown,2010,14399.0445142977,76.131,156008,53295890,0.29272050809171213
Thailand,Total,Female,Illiterate,2000,9809.62237014961,72.316,2246515,23690358,9.482824193707836
Thailand,Total,Female,Literate,2000,9809.62237014961,72.316,21440948,23690358,90.50495564482394
Thailand,Total,Female,Total,2000,9809.62237014961,72.316,23690358,23690358,100.0
Thailand,Total,Female,Unknown,2000,9809.62237014961,72.316,2895,23690358,0.012220161468222641
Thailand,Total,Female,Illiterate,2010,14399.0445142977,76.131,978012,27452122,3.5626098412355884
Thailand,Total,Female,Literate,2010,14399.0445142977,76.131,26394681,27452122,96.14805369144142
Thailand,Total,Female,Total,2010,14399.0445142977,76.131,27452122,27452122,100.0
Thailand,Total,Female,Unknown,2010,14399.0445142977,76.131,79429,27452122,0.28933646732299967
Thailand,Total,Male,Illiterate,2000,9809.62237014961,72.316,1141015,22382185,5.0978713651057745
Thailand,Total,Male,Literate,2000,9809.62237014961,72.316,21238706,22382185,94.89111987949344
Thailand,Total,Male,Total,2000,9809.62237014961,72.316,22382185,22382185,100.0
Thailand,Total,Male,Unknown,2000,9809.62237014961,72.316,2464,22382185,0.011008755400779682
Thailand,Total,Male,Illiterate,2010,14399.0445142977,76.131,918596,25843768,3.554419773463374
Thailand,Total,Male,Literate,2010,14399.0445142977,76.131,24848593,25843768,96.14926507620716
Thailand,Total,Male,Total,2010,14399.0445142977,76.131,25843768,25843768,100.0
Thailand,Total,Male,Unknown,2010,14399.0445142977,76.131,76579,25843768,0.2963151503294721
Thailand,Urban,Both Sexes,Illiterate,2000,9809.62237014961,72.316,726677,15099543,4.81257611571423
Thailand,Urban,Both Sexes,Literate,2000,9809.62237014961,72.316,14370953,15099543,95.17475462667976
Thailand,Urban,Both Sexes,Total,2000,9809.62237014961,72.316,15099543,15099543,100.0
Thailand,Urban,Both Sexes,Unknown,2000,9809.62237014961,72.316,1913,15099543,0.01266925760600834
Thailand,Urban,Both Sexes,Illiterate,2010,14399.0445142977,76.131,833469,24485525,3.40392538040332
Thailand,Urban,Both Sexes,Literate,2010,14399.0445142977,76.131,23516595,24485525,96.04284572211542
Thailand,Urban,Both Sexes,Total,2010,14399.0445142977,76.131,24485525,24485525,100.0
Thailand,Urban,Both Sexes,Unknown,2010,14399.0445142977,76.131,135461,24485525,0.553228897481267
Thailand,Urban,Female,Illiterate,2000,9809.62237014961,72.316,499422,7956855,6.276625626582362
Thailand,Urban,Female,Literate,2000,9809.62237014961,72.316,7456375,7956855,93.71007766259407
Thailand,Urban,Female,Total,2000,9809.62237014961,72.316,7956855,7956855,100.0
Thailand,Urban,Female,Unknown,2000,9809.62237014961,72.316,1058,7956855,0.013296710823560313
Thailand,Urban,Female,Illiterate,2010,14399.0445142977,76.131,404258,12733146,3.1748477556135772
Thailand,Urban,Female,Literate,2010,14399.0445142977,76.131,12258121,12733146,96.26938228777082
Thailand,Urban,Female,Total,2010,14399.0445142977,76.131,12733146,12733146,100.0
Thailand,Urban,Female,Unknown,2010,14399.0445142977,76.131,70767,12733146,0.5557699566155921
Thailand,Urban,Male,Illiterate,2000,9809.62237014961,72.316,227255,7142688,3.1816453413616834
Thailand,Urban,Male,Literate,2000,9809.62237014961,72.316,6914578,7142688,96.806384375182
Thailand,Urban,Male,Total,2000,9809.62237014961,72.316,7142688,7142688,100.0
Thailand,Urban,Male,Unknown,2000,9809.62237014961,72.316,855,7142688,0.011970283456312245
Thailand,Urban,Male,Illiterate,2010,14399.0445142977,76.131,429211,11752379,3.6521201366974294
Thailand,Urban,Male,Literate,2010,14399.0445142977,76.131,11258474,11752379,95.79740408303715
Thailand,Urban,Male,Total,2010,14399.0445142977,76.131,11752379,11752379,100.0
Thailand,Urban,Male,Unknown,2010,14399.0445142977,76.131,64694,11752379,0.5504757802654254
Timor-Leste,Total,Both Sexes,Illiterate,2000,2258.38417006437,61.628,260944,520265,50.155978203415565
Timor-Leste,Total,Both Sexes,Literate,2000,2258.38417006437,61.628,259321,520265,49.844021796584435
Timor-Leste,Total,Both Sexes,Total,2000,2258.38417006437,61.628,520265,520265,100.0
Timor-Leste,Total,Female,Illiterate,2000,2258.38417006437,61.628,145846,258818,56.350794766979114
Timor-Leste,Total,Female,Literate,2000,2258.38417006437,61.628,112972,258818,43.649205233020886
Timor-Leste,Total,Female,Total,2000,2258.38417006437,61.628,258818,258818,100.0
Timor-Leste,Total,Male,Illiterate,2000,2258.38417006437,61.628,115098,261447,44.02345408438421
Timor-Leste,Total,Male,Literate,2000,2258.38417006437,61.628,146349,261447,55.97654591561579
Timor-Leste,Total,Male,Total,2000,2258.38417006437,61.628,261447,261447,100.0
Turkmenistan,Total,Both Sexes,Illiterate,1990,3987.54563664097,63.684,55548,2887690,1.9236136842943667
Turkmenistan,Total,Both Sexes,Literate,1990,3987.54563664097,63.684,2832142,2887690,98.07638631570563
Turkmenistan,Total,Both Sexes,Total,1990,3987.54563664097,63.684,2887690,2887690,100.0
Turkmenistan,Total,Female,Illiterate,1990,3987.54563664097,63.684,41069,1503022,2.732428400914957
Turkmenistan,Total,Female,Literate,1990,3987.54563664097,63.684,1461953,1503022,97.26757159908504
Turkmenistan,Total,Female,Total,1990,3987.54563664097,63.684,1503022,1503022,100.0
Turkmenistan,Total,Male,Illiterate,1990,3987.54563664097,63.684,14479,1384668,1.0456658202543858
Turkmenistan,Total,Male,Literate,1990,3987.54563664097,63.684,1370189,1384668,98.95433417974562
Turkmenistan,Total,Male,Total,1990,3987.54563664097,63.684,1384668,1384668,100.0
